name,city,country,start_date,end_date,month,dates_confirmed,recurs,kinds,focus,free_entry,page_url
Burcak season in Prague,Prague,Czech Republic,2026-09-01,2026-10-15,September,False,yearly,Wine festivals,"Burcak, partly fermented young Moravian wine",True,https://tablejourney.com/czech-republic/prague/festivals/burcak-season-prague/
Festa de San Gennaro,São Paulo,Brazil,2026-09-05,2026-10-04,September,True,yearly,,Neapolitan Italian,True,https://tablejourney.com/brazil/sao-paulo/festivals/festa-de-san-gennaro-mooca/
Verde Cool,Braga,Portugal,2026-09-07,2026-10-04,September,False,yearly,Wine festivals,Vinho Verde wine with regional snacks,True,https://tablejourney.com/portugal/braga/festivals/verde-cool-braga/
Sapporo Autumn Fest,Sapporo,Japan,2026-09-12,2026-10-04,September,False,yearly,,Hokkaido seasonal food,True,https://tablejourney.com/japan/sapporo/festivals/sapporo-autumn-fest/
Rio Gastronomia,Rio de Janeiro,Brazil,2026-09-17,2026-10-04,September,True,yearly,,Brazilian,False,https://tablejourney.com/brazil/rio-de-janeiro/festivals/rio-gastronomia/
Hessen Haus Oktoberfest,Des Moines,United States,2026-09-18,2026-10-05,September,True,yearly,Beer festivals; Cheese festivals,"Bavarian pretzels, bratwurst, schnitzel, spaetzle, bier cheese fries, apple strudel",,https://tablejourney.com/united-states/des-moines/festivals/hessen-haus-oktoberfest/
Oktoberfest,Munich,Germany,2026-09-19,2026-10-04,September,False,yearly,Beer festivals,"Bavarian beer, Hendl (roast chicken), Schweinshaxe",True,https://tablejourney.com/germany/munich/festivals/oktoberfest/
Wiener Kaiser Wiesn,Vienna,Austria,2026-09-24,2026-10-11,September,True,yearly,Beer festivals,"Austrian Schmankerl, Goesser beer, tent food",False,https://tablejourney.com/austria/vienna/festivals/wiener-kaiser-wiesn/
Glasgow Cocktail Week,Glasgow,United Kingdom,2026-09-24,2026-10-04,September,True,yearly,,Cocktails,False,https://tablejourney.com/united-kingdom/glasgow/festivals/glasgow-cocktail-week/
State Fair of Texas,Dallas,United States,2026-09-25,2026-10-18,September,True,yearly,Barbecue festivals,,,https://tablejourney.com/united-states/dallas/festivals/state-fair-of-texas/
Restaurant Week Cape Town,Cape Town,South Africa,2026-09-25,2026-11-01,September,True,yearly,,Set menus across the city,True,https://tablejourney.com/south-africa/cape-town/festivals/restaurant-week-cape-town/
World Gourmet Festival Bangkok,Bangkok,Thailand,2026-09-29,2026-10-04,September,True,yearly,,International celebrity-chef collaborations,False,https://tablejourney.com/thailand/bangkok/festivals/world-gourmet-festival/
American Royal World Series of Barbecue,Kansas City,United States,2026-09-30,2026-10-04,September,True,yearly,Barbecue festivals,BBQ,False,https://tablejourney.com/united-states/kansas-city/festivals/american-royal-world-series-of-barbecue/
Key West Brewfest,Key West,United States,2026-09-30,2026-10-04,September,True,yearly,Beer festivals,Craft beer,False,https://tablejourney.com/united-states/key-west/festivals/key-west-brewfest/
San Gennaro Feast (Fall),Las Vegas,United States,2026-09-30,2026-10-04,September,True,yearly,,"Italian-American festival food, fall edition",True,https://tablejourney.com/united-states/las-vegas/festivals/san-gennaro-feast-fall/
Good Food Events (formerly Good Food Month),Sydney,Australia,2026-10-01,2026-10-31,October,False,yearly,,"Chef collaborations and long-table dinners, plus October's Festival of Food at Barangaroo",False,https://tablejourney.com/australia/sydney/festivals/good-food-month-sydney/
Kinsale Gourmet Festival,Cork,Ireland,2026-10-01,2026-10-31,October,True,yearly,,,,https://tablejourney.com/ireland/cork/festivals/kinsale-gourmet-festival/
Fiestas de Octubre,Guadalajara,Mexico,2026-10-01,2026-10-31,October,True,yearly,,Jalisco regional,True,https://tablejourney.com/mexico/guadalajara/festivals/fiestas-de-octubre/
Voroina Wine Day,Thessaloniki,Greece,2026-10-01,2026-10-31,October,True,yearly,Wine festivals,,,https://tablejourney.com/greece/thessaloniki/festivals/voroina-wine-day/
Lille Street Food Festival,Lille,France,2026-10-01,2026-10-04,October,True,yearly,Beer festivals; Wine festivals; Street food festivals,Street food,True,https://tablejourney.com/france/lille/festivals/lille-street-food-festival/
Thai Vegetarian Festival (Jay),Chiang Mai,Thailand,2026-10-01,2026-10-09,October,True,yearly,Vegan and vegetarian festivals,Vegetarian (jay),True,https://tablejourney.com/thailand/chiang-mai/festivals/vegetarian-festival-chiang-mai/
London Restaurant Festival,London,United Kingdom,2026-10-01,2026-10-31,October,True,yearly,,City-wide festival menus and restaurant tours,False,https://tablejourney.com/united-kingdom/london/festivals/london-restaurant-festival/
Festa della Cortesia,Rome,Italy,2026-10-01,2026-10-31,October,True,yearly,Wine festivals; Harvest festivals,"Frascati DOC white wine, Castelli Romani cuisine",True,https://tablejourney.com/italy/rome/festivals/festa-della-cortesia/
Albuquerque Greek Festival,Albuquerque,United States,2026-10-02,2026-10-04,October,True,yearly,,"Greek souvlaki, baklava, gyros",False,https://tablejourney.com/united-states/albuquerque/festivals/greek-festival/
Oklahoma City Greek Festival,Oklahoma City,United States,2026-10-02,2026-10-04,October,True,yearly,,,,https://tablejourney.com/united-states/oklahoma-city/festivals/oklahoma-city-greek-festival/
St James Court Art Show,Louisville,United States,2026-10-02,2026-10-04,October,True,yearly,,"Festival food vendors, art",True,https://tablejourney.com/united-states/louisville/festivals/st-james-court-art-show/
Pálinka and Sausage Festival,Budapest,Hungary,2026-10-02,2026-10-04,October,True,yearly,,"Pálinka, Hungarian sausage",False,https://tablejourney.com/hungary/budapest/festivals/palinka-and-sausage-festival/
Sacramento Greek Festival,Sacramento,United States,2026-10-02,2026-10-04,October,True,yearly,Wine festivals,"Greek food, wine and dance",False,https://tablejourney.com/united-states/sacramento/festivals/sacramento-greek-festival/
LA Greek Fest (Saint Sophia Cathedral),Los Angeles,United States,2026-10-02,2026-10-04,October,True,yearly,Wine festivals; Chocolate and dessert festivals,"Greek food and wine, pastries",False,https://tablejourney.com/united-states/los-angeles/festivals/la-greek-fest/
Original Greek Festival,Houston,United States,2026-10-02,2026-10-04,October,True,yearly,,Greek food and culture,False,https://tablejourney.com/united-states/houston/festivals/original-greek-festival/
Feria Sabores de Nuestra Tierra,Granada,Spain,2026-10-02,2026-10-04,October,True,yearly,Wine festivals,"Andalusian and Spanish regional products, wine and product tastings, showcooking, culinary workshops",False,https://tablejourney.com/spain/granada/festivals/feria-sabores-de-nuestra-tierra/
Ziua Națională a Vinului,Chișinău,Moldova,2026-10-03,2026-10-04,October,True,yearly,Wine festivals; Harvest festivals,"Moldovan wine, food and folk",True,https://tablejourney.com/moldova/chisinau/festivals/ziua-nationala-vinului/
Feria Nacional del Mole,Mexico City,Mexico,2026-10-03,2026-10-25,October,True,yearly,,"Mole (black, red, green, fruity, almond, pine nut)",True,https://tablejourney.com/mexico/mexico-city/festivals/feria-nacional-del-mole/
Oaktoberfest in the Dimond,Oakland,United States,2026-10-03,2026-10-04,October,True,yearly,Beer festivals,"German-inspired food, craft beer",True,https://tablejourney.com/united-states/oakland/festivals/oaktoberfest-dimond/
Plovdiv City Wine Festival,Plovdiv,Bulgaria,2026-10-03,2026-10-05,October,False,yearly,Wine festivals,"Bulgarian wine, food pairings",False,https://tablejourney.com/bulgaria/plovdiv/festivals/wine-fest-plovdiv-october/
"Cerveja em Lisboa, Oktoberfest a Portuguesa",Lisbon,Portugal,2026-10-03,2026-10-06,October,True,yearly,Beer festivals; Street food festivals,"Portuguese craft beer, street food",False,https://tablejourney.com/portugal/lisbon/festivals/cerveja-em-lisboa/
Oktoberfest at Plant Riverside District,Savannah,United States,2026-10-03,2026-10-11,October,True,yearly,Beer festivals,"Bratwurst, giant pretzels, strudel, German-style beer",True,https://tablejourney.com/united-states/savannah/festivals/savannah-oktoberfest-plant-riverside/
Creole Food Festival,New York City,United States,2026-10-03,2026-10-04,October,True,yearly,,"Caribbean, African, Latin American and Southern cooking",False,https://tablejourney.com/united-states/new-york-city/festivals/creole-food-festival-nyc/
The Grub Fest,Delhi,India,2026-10-03,2026-10-04,October,True,yearly,,"Delhi restaurant and food brands, with live music at night",False,https://tablejourney.com/india/delhi/festivals/the-grub-fest/
Smorgasburg LA,Los Angeles,United States,2026-10-04,2026-10-04,October,True,yearly,,"100 vendors, multi-cuisine",True,https://tablejourney.com/united-states/los-angeles/festivals/smorgasburg-la-season/
Helsinki Baltic Herring Market,Helsinki,Finland,2026-10-04,2026-10-10,October,True,yearly,Seafood festivals,Baltic herring and archipelago foods,True,https://tablejourney.com/finland/helsinki/festivals/baltic-herring-market/
Cyclovia Tucson Fall,Tucson,United States,2026-10-04,2026-10-04,October,True,yearly,Street food festivals,"Food trucks, raspados, local vendors",True,https://tablejourney.com/united-states/tucson/festivals/cyclovia-tucson-fall/
Mérida en Domingo,Mérida,Mexico,2026-10-04,2026-10-04,October,False,yearly,,"Marquesitas, panuchos, antojitos",True,https://tablejourney.com/mexico/merida/festivals/merida-en-domingo/
Festa del Mosto di Sant'Erasmo,Venice,Italy,2026-10-04,2026-10-04,October,False,yearly,,"Mosto from the September pressing, violet artichoke, island vegetables and fish",True,https://tablejourney.com/italy/venice/festivals/festa-del-mosto-sant-erasmo/
Kanelbullens Dag (Cinnamon Bun Day),Stockholm,Sweden,2026-10-04,2026-10-04,October,True,yearly,,Cinnamon buns (kanelbullar),True,https://tablejourney.com/sweden/stockholm/festivals/kanelbullens-dag/
Warszawskie Swieto Chleba,Warsaw,Poland,2026-10-04,2026-10-04,October,True,yearly,,"Sourdough bread, kaszanka, pierogi and sekacz",True,https://tablejourney.com/poland/warsaw/festivals/warszawskie-swieto-chleba/
Atlantic Antic,New York City,United States,2026-10-04,2026-10-04,October,True,yearly,,Ethnic tastings from Atlantic Avenue restaurants,True,https://tablejourney.com/united-states/new-york-city/festivals/atlantic-antic/
Taste of North Park,San Diego,United States,2026-10-04,2026-10-04,October,True,yearly,Beer festivals,Neighbourhood eats,False,https://tablejourney.com/united-states/san-diego/festivals/taste-of-north-park/
Maxwell Street Market,Chicago,United States,2026-10-04,2026-10-04,October,True,yearly,,"Open-air market with food, crafts and live entertainment",True,https://tablejourney.com/united-states/chicago/festivals/maxwell-street-market-food-days/
Scenic City Wings,Chattanooga,United States,2026-10-04,2026-10-04,October,True,yearly,,Chicken wings,True,https://tablejourney.com/united-states/chattanooga/festivals/scenic-city-wings/
Fête de l'Olive à Pignan,Montpellier,France,2026-10-04,2026-10-04,October,True,yearly,Harvest festivals,"Languedoc olives, olive oil and derived products",True,https://tablejourney.com/france/montpellier/festivals/fete-de-l-olive-pignan/
San Sebastian Gastronomika,San Sebastián,Spain,2026-10-05,2026-10-07,October,True,yearly,,"International gastronomy congress, Basque haute cuisine",False,https://tablejourney.com/spain/san-sebastian/festivals/san-sebastian-gastronomika/
Audubon Park Community Market Monday,Orlando,United States,2026-10-05,2026-10-05,October,False,yearly,Street food festivals; Coffee and tea festivals,"Food trucks, prepared food, live music",True,https://tablejourney.com/united-states/orlando/festivals/audubon-park-market-festival/
Berlin Food Week,Berlin,Germany,2026-10-05,2026-10-11,October,True,yearly,,"Chef events, food start-ups, tastings",False,https://tablejourney.com/germany/berlin/festivals/berlin-food-week/
Vaquería de la Ciudad,Mérida,Mexico,2026-10-05,2026-10-05,October,False,yearly,,Yucatán dance + marquesita carts,True,https://tablejourney.com/mexico/merida/festivals/vaqueria-yucatan-plaza-grande/
World Beer Festival Durham,Durham,United States,2026-10-05,2026-10-05,October,True,yearly,Beer festivals,Craft beer,False,https://tablejourney.com/united-states/durham/festivals/world-beer-festival-durham/
Global Food Week,Abu Dhabi,United Arab Emirates,2026-10-06,2026-10-08,October,True,yearly,,"Food and agriculture trade show: producers, food technology, hospitality, a honey symposium",,https://tablejourney.com/united-arab-emirates/abu-dhabi/festivals/global-food-week-abu-dhabi/
RestaurantWeek Autumn (Warsaw),Warsaw,Poland,2026-10-07,2026-11-19,October,True,yearly,,Tasting menus across Polish restaurants,False,https://tablejourney.com/poland/warsaw/festivals/restaurant-week-warsaw-autumn/
Restaurant Week Poznań,Poznań,Poland,2026-10-07,2026-11-25,October,True,yearly,,Festival menus at Poznań restaurants,False,https://tablejourney.com/poland/poznan/festivals/restaurant-week-poznan/
RestaurantWeek Festival,Wrocław,Poland,2026-10-07,2026-11-19,October,True,yearly,,"Modern Polish, three-course tasting menus",False,https://tablejourney.com/poland/wroclaw/festivals/restaurantweek-wroclaw/
Film Fest Gent,Ghent,Belgium,2026-10-07,2026-10-18,October,True,yearly,,,,https://tablejourney.com/belgium/ghent/festivals/ghent-film-fest-food/
Street Food Thursday at Markthalle Neun,Berlin,Germany,2026-10-08,2026-10-08,October,False,yearly,Street food festivals,International street food: 20-plus vendors weekly,True,https://tablejourney.com/germany/berlin/festivals/street-food-thursday-series/
Kilkenny Farmers Market,Kilkenny,Ireland,2026-10-08,2026-10-08,October,True,yearly,Cheese festivals,,,https://tablejourney.com/ireland/kilkenny/festivals/kilkenny-farmers-market-weekly/
Mahon Point Farmers' Market,Cork,Ireland,2026-10-08,2026-10-08,October,True,yearly,Street food festivals,"Local producers, organic food and street food stalls",,https://tablejourney.com/ireland/cork/festivals/mahon-point-summer-market/
São Paulo Restaurant Week,São Paulo,Brazil,2026-10-08,2026-11-08,October,True,yearly,,Brazilian,True,https://tablejourney.com/brazil/sao-paulo/festivals/sao-paulo-restaurant-week/
Veggie Thursday (Donderdag Veggiedag),Ghent,Belgium,2026-10-08,2026-10-08,October,True,yearly,Vegan and vegetarian festivals,,,https://tablejourney.com/belgium/ghent/festivals/veggie-thursday-ghent/
Thessaloniki Beer Festival,Thessaloniki,Greece,2026-10-08,2026-10-11,October,True,yearly,Beer festivals,,,https://tablejourney.com/greece/thessaloniki/festivals/beer-festival-thessaloniki/
Savannah Greek Festival,Savannah,United States,2026-10-08,2026-10-10,October,True,yearly,Coffee and tea festivals,"Greek: pastitsio, spanakopita, dolmades, souvlaki, baklava",True,https://tablejourney.com/united-states/savannah/festivals/savannah-greek-festival/
Odprta Kuhna (Open Kitchen),Ljubljana,Slovenia,2026-10-09,2026-10-09,October,False,yearly,Street food festivals,Slovenian and international street food,True,https://tablejourney.com/slovenia/ljubljana/festivals/odprta-kuhna/
Columbus Italian Festival,Columbus,United States,2026-10-09,2026-10-11,October,True,yearly,,Italian,False,https://tablejourney.com/united-states/columbus/festivals/columbus-italian-festival/
Galbani Columbus Weekend Festival,Providence,United States,2026-10-09,2026-10-12,October,True,yearly,Street food festivals,"Italian street food, sausage and peppers, live music",True,https://tablejourney.com/united-states/providence/festivals/galbani-columbus-weekend/
Bank of America Fall for Greenville,Greenville,United States,2026-10-09,2026-10-11,October,True,yearly,Beer festivals; Wine festivals,"Downtown food, craft beer and music festival",True,https://tablejourney.com/united-states/greenville/festivals/fall-for-greenville/
Anuga World Food Trade Fair,Cologne,Germany,2026-10-09,2026-10-13,October,True,yearly,,"Global food and beverage trade, ten specialist fairs",,https://tablejourney.com/germany/cologne/festivals/anuga-world-food-fair/
"Mortadella, Please",Bologna,Italy,2026-10-09,2026-10-11,October,True,yearly,,"Mortadella Bologna IGP, Zola Predosa",True,https://tablejourney.com/italy/bologna/festivals/mortadella-please/
Chalk the Block,El Paso,United States,2026-10-09,2026-10-10,October,True,yearly,Street food festivals,,,https://tablejourney.com/united-states/el-paso/festivals/chalk-the-block-el-paso/
Dia de la Comunitat Valenciana,Valencia,Spain,2026-10-09,2026-10-09,October,True,yearly,Chocolate and dessert festivals,"Mocadorà marzipan fruit and vegetables, pastry shop windows",True,https://tablejourney.com/spain/valencia/festivals/dia-comunitat-valenciana/
EurHop Roma Beer Festival,Rome,Italy,2026-10-09,2026-10-11,October,True,yearly,Beer festivals,Italian and international craft beer,True,https://tablejourney.com/italy/rome/festivals/rome-craft-beer-week/
Sacramento Turn Verein Oktoberfest,Sacramento,United States,2026-10-09,2026-10-10,October,True,yearly,Beer festivals,"German beer, bratwurst and Bavarian food",False,https://tablejourney.com/united-states/sacramento/festivals/turn-verein-oktoberfest/
Foire Internationale de Montpellier,Montpellier,France,2026-10-09,2026-10-19,October,True,yearly,,Regional producers plus a guest-country food pavilion,False,https://tablejourney.com/france/montpellier/festivals/foire-internationale-de-montpellier/
Winemarket,Aarhus,Denmark,2026-10-09,2026-10-09,October,True,yearly,Wine festivals,Wine tasting: about 200 wines from Danish wine merchants,False,https://tablejourney.com/denmark/aarhus/festivals/winemarket-aarhus/
Fiera Internazionale del Tartufo Bianco d'Alba,Turin,Italy,2026-10-10,2026-12-06,October,True,yearly,Harvest festivals,White truffle (Tartufo Bianco d'Alba),False,https://tablejourney.com/italy/turin/festivals/alba-white-truffle-fair/
Great American Beer Festival,Denver,United States,2026-10-10,2026-10-11,October,True,yearly,Beer festivals,American craft beer,False,https://tablejourney.com/united-states/denver/festivals/great-american-beer-festival/
Phuket Vegetarian Festival,Phuket,Thailand,2026-10-10,2026-10-18,October,True,yearly,Cheese festivals; Vegan and vegetarian festivals,Jay vegan food,True,https://tablejourney.com/thailand/phuket/festivals/phuket-vegetarian-festival/
Downtown Des Moines Farmers' Market,Des Moines,United States,2026-10-10,2026-10-10,October,True,yearly,,,,https://tablejourney.com/united-states/des-moines/festivals/downtown-farmers-market-season/
Nine Emperor Gods Festival,Penang,Malaysia,2026-10-10,2026-10-18,October,True,yearly,Vegan and vegetarian festivals,Vegetarian hawker food,True,https://tablejourney.com/malaysia/penang/festivals/nine-emperor-gods-festival/
Saijo Sake Matsuri,Hiroshima,Japan,2026-10-10,2026-10-11,October,True,yearly,Beer festivals,Japanese sake from Saijo and across the country,False,https://tablejourney.com/japan/hiroshima/festivals/saijo-sake-matsuri/
Taste of Brunswick Festival,Richmond,United States,2026-10-10,2026-10-10,October,True,yearly,Barbecue festivals,Brunswick stew cook-off,True,https://tablejourney.com/united-states/richmond/festivals/taste-of-brunswick-festival/
Yaowarat Vegetarian Festival,Bangkok,Thailand,2026-10-10,2026-10-18,October,True,yearly,Vegan and vegetarian festivals,Thai-Chinese jay vegan cuisine,True,https://tablejourney.com/thailand/bangkok/festivals/yaowarat-vegetarian-festival/
Forsyth Farmers' Market (Weekly),Savannah,United States,2026-10-10,2026-10-10,October,False,yearly,,"Local growers, Sea Island peas, coastal Georgia produce",True,https://tablejourney.com/united-states/savannah/festivals/forsyth-farmers-market-festival/
Queens Night Market,New York City,United States,2026-10-10,2026-10-10,October,False,yearly,Street food festivals,Global street food,True,https://tablejourney.com/united-states/new-york-city/festivals/queens-night-market-season/
Wine Vision by Open Balkan,Belgrade,Serbia,2026-10-10,2026-10-12,October,True,yearly,Wine festivals,"Regional Balkan wine, importers",False,https://tablejourney.com/serbia/belgrade/festivals/wine-vision-open-balkan/
Mississippi Farmers Market Summer Season,Jackson,United States,2026-10-10,2026-10-10,October,True,yearly,Harvest festivals,Mississippi-grown produce and artisan food,True,https://tablejourney.com/united-states/jackson/festivals/mississippi-farmers-market-seasonal/
Smorgasburg,New York City,United States,2026-10-10,2026-10-10,October,False,yearly,Street food festivals,Pop-up street food,True,https://tablejourney.com/united-states/new-york-city/festivals/smorgasburg-season/
Wine Over Water,Chattanooga,United States,2026-10-10,2026-10-10,October,True,yearly,Wine festivals,Wine,False,https://tablejourney.com/united-states/chattanooga/festivals/wine-over-water/
Ybor City Saturday Market,Tampa,United States,2026-10-10,2026-10-10,October,True,yearly,,"Local produce, baked goods and gourmet foods",True,https://tablejourney.com/united-states/tampa/festivals/ybor-saturday-market-festival/
Barbacoa & Big Red Festival,San Antonio,United States,2026-10-10,2026-10-11,October,True,yearly,,"Barbacoa and Big Red soda, the SA combo",False,https://tablejourney.com/united-states/san-antonio/festivals/barbacoa-big-red-festival/
"Vinhos a Descobrir, Harvest Edition",Porto,Portugal,2026-10-10,2026-10-11,October,True,yearly,Wine festivals; Harvest festivals,Portuguese wine,False,https://tablejourney.com/portugal/porto/festivals/vinhos-a-descobrir-harvest-edition/
Meet the Makers Art and Wine Walk,Carmel-by-the-Sea,United States,2026-10-10,2026-10-10,October,True,yearly,Beer festivals; Wine festivals,"Monterey County wines, craft beer and light bites in village galleries",False,https://tablejourney.com/united-states/carmel/festivals/meet-the-makers-art-and-wine-walk/
FoCo Fall Fest,Fort Collins,United States,2026-10-10,2026-10-11,October,True,yearly,Street food festivals,"Food trucks, restaurants and event bars in Old Town",True,https://tablejourney.com/united-states/fort-collins/festivals/foco-fall-fest/
Brew in the Lou,St. Louis,United States,2026-10-10,2026-10-10,October,True,yearly,Beer festivals; Wine festivals,Craft beer and food,False,https://tablejourney.com/united-states/st-louis/festivals/brew-in-the-lou/
Festival des Courges et de l'Automne,Lyon,France,2026-10-10,2026-10-11,October,True,yearly,Harvest festivals,"Squash, chestnuts, autumn produce",True,https://tablejourney.com/france/lyon/festivals/festival-des-courges-tete-dor/
Blacktoberfest,Durham,United States,2026-10-11,2026-10-11,October,True,yearly,Beer festivals; Wine festivals,Black-owned craft beer and spirits,False,https://tablejourney.com/united-states/durham/festivals/blacktoberfest-durham/
Hanoi Craft Beer Festival,Hanoi,Vietnam,2026-10-11,2026-10-12,October,False,yearly,Beer festivals,Independent Hanoi craft brewers and Vietnamese ingredient-led beers,False,https://tablejourney.com/vietnam/hanoi/festivals/hanoi-craft-beer-festival/
Navratri in Mumbai,Mumbai,India,2026-10-11,2026-10-19,October,True,yearly,,"Faraali fasting foods: sabudana khichdi, kuttu roti, sabudana vada",True,https://tablejourney.com/india/mumbai/festivals/navratri-garba-thali/
Sanford Food Truck Fiesta,Orlando,United States,2026-10-11,2026-10-11,October,False,yearly,Street food festivals,Central Florida food trucks,True,https://tablejourney.com/united-states/orlando/festivals/sanford-food-truck-fiesta/
Mâchon'Week,Lyon,France,2026-10-11,2026-10-18,October,True,yearly,Wine festivals,"Mâchon (traditional Lyonnais snack), wine tastings, local producers",False,https://tablejourney.com/france/lyon/festivals/machon-week-lyon/
Bem Comer,Braga,Portugal,2026-10-13,2026-10-31,October,True,yearly,,Contemporary Portuguese with sustainability focus,True,https://tablejourney.com/portugal/braga/festivals/bem-comer-braga/
Hramul Chișinăului,Chișinău,Moldova,2026-10-14,2026-10-14,October,True,yearly,Street food festivals,Moldovan street food and grilled mititei,True,https://tablejourney.com/moldova/chisinau/festivals/hramul-chisinaului/
Harvest on the Harbor,Portland,United States,2026-10-15,2026-10-17,October,True,yearly,Beer festivals; Wine festivals; Seafood festivals; Harvest festivals,"Maine lobster, oysters, seafood, wine and craft beer",False,https://tablejourney.com/united-states/portland-maine/festivals/harvest-on-the-harbor/
NC State Fair,Raleigh,United States,2026-10-15,2026-10-25,October,True,yearly,,"Fair food, NC agriculture, food competitions",False,https://tablejourney.com/united-states/raleigh/festivals/nc-state-fair/
New York City Wine & Food Festival,New York City,United States,2026-10-15,2026-10-18,October,True,yearly,Wine festivals,"Wine, cocktails, chef-led tastings",False,https://tablejourney.com/united-states/new-york-city/festivals/nycwff/
Saborea Sin Prisa Granada,Granada,Spain,2026-10-15,2026-11-02,October,False,yearly,Beer festivals,Granada tapas paired with Alhambra Reserva 1925,True,https://tablejourney.com/spain/granada/festivals/ruta-de-la-tapa-granada/
Tapapies,Madrid,Spain,2026-10-15,2026-10-25,October,False,yearly,,Multicultural tapas route in Lavapies,True,https://tablejourney.com/spain/madrid/festivals/tapapies/
Warsaw Beer Festival,Warsaw,Poland,2026-10-15,2026-10-17,October,True,yearly,Beer festivals; Street food festivals,"Craft beer, brewery showcase",False,https://tablejourney.com/poland/warsaw/festivals/warsaw-beer-festival/
Feria del Elote,Puebla,Mexico,2026-10-15,2026-10-18,October,True,yearly,Harvest festivals,Corn,True,https://tablejourney.com/mexico/puebla/festivals/feria-del-elote-atlixco/
Tucson Meet Yourself,Tucson,United States,2026-10-16,2026-10-18,October,True,yearly,,"Global folk-food, 50+ cultures",True,https://tablejourney.com/united-states/tucson/festivals/tucson-meet-yourself/
Hawaii Food and Wine Festival,Honolulu,United States,2026-10-16,2026-11-08,October,True,yearly,Wine festivals,"Hawaiian Regional Cuisine, James Beard chefs",False,https://tablejourney.com/united-states/honolulu/festivals/hawaii-food-and-wine-festival/
Bahama Village Goombay Festival,Key West,United States,2026-10-16,2026-10-17,October,False,yearly,Street food festivals,Bahamian and Caribbean street food,True,https://tablejourney.com/united-states/key-west/festivals/goombay-festival/
Durga Puja in Chittaranjan Park,Delhi,India,2026-10-16,2026-10-21,October,False,yearly,,"Bengali festival food: bhog khichuri, fish fry, kobiraji, rolls, mishti doi",True,https://tablejourney.com/india/delhi/festivals/durga-puja-chittaranjan-park/
Jornadas de los Arroces de la Tierra,Benidorm,Spain,2026-10-16,2026-10-25,October,True,yearly,Harvest festivals,"Local rice dishes: dry, creamy and soupy",True,https://tablejourney.com/spain/benidorm/festivals/jornadas-arroces-de-la-tierra/
Mercat de Mercats,Barcelona,Spain,2026-10-16,2026-10-18,October,True,yearly,Barbecue festivals,Catalan market produce,True,https://tablejourney.com/spain/barcelona/festivals/mercat-de-mercats/
Burger Bash by Pat LaFrieda,New York City,United States,2026-10-16,2026-10-16,October,True,yearly,,Burgers,False,https://tablejourney.com/united-states/new-york-city/festivals/burger-bash/
Dia Mundial del Pan,Lima,Peru,2026-10-16,2026-10-16,October,True,yearly,,Bread and Lima panaderias,True,https://tablejourney.com/peru/lima/festivals/dia-nacional-del-pan/
SF Restaurant Week,San Francisco,United States,2026-10-16,2026-10-25,October,True,yearly,,Prix-fixe lunch and dinner menus citywide,True,https://tablejourney.com/united-states/san-francisco/festivals/sf-restaurant-week/
La Bonissima,Modena,Italy,2026-10-16,2026-10-18,October,True,yearly,Chocolate and dessert festivals,Modenese produce and small producers,True,https://tablejourney.com/italy/modena/festivals/la-bonissima/
L'Automne dans les Assiettes (Autumn on the Menu),Lille,France,2026-10-16,2026-10-31,October,True,yearly,,Seasonal tasting menus and Hauts-de-France produce,True,https://tablejourney.com/france/lille/festivals/l-automne-dans-les-assiettes/
Fort Collins Foodie Walk,Fort Collins,United States,2026-10-16,2026-10-16,October,True,yearly,,Downtown culinary shops and tastings,True,https://tablejourney.com/united-states/fort-collins/festivals/fort-collins-foodie-walk/
Salon Vinomédia Nantes,Nantes,France,2026-10-16,2026-10-18,October,True,yearly,,Independent French winegrowers,False,https://tablejourney.com/france/nantes/festivals/salon-vinomedia-nantes/
Bowen's Wharf Seafood Festival,Providence,United States,2026-10-17,2026-10-18,October,True,yearly,Seafood festivals,"Newport seafood, lobster, raw bar",True,https://tablejourney.com/united-states/providence/festivals/bowens-wharf-seafood-festival/
Grandes Escolhas Vinhos e Sabores,Lisbon,Portugal,2026-10-17,2026-10-19,October,True,yearly,Wine festivals,"Portuguese wine, showcooking, regional produce",False,https://tablejourney.com/portugal/lisbon/festivals/grandes-escolhas-vinhos-e-sabores/
Santa Barbara Vintners Festival,Santa Barbara,United States,2026-10-17,2026-10-17,October,True,yearly,Wine festivals,Wine,False,https://tablejourney.com/united-states/santa-barbara/festivals/santa-barbara-vintners-festival/
Mundo Mezcal CDMX,Mexico City,Mexico,2026-10-17,2026-10-18,October,True,yearly,,Mezcal and Mexican agave spirits,False,https://tablejourney.com/mexico/mexico-city/festivals/mundo-mezcal-cdmx/
Chattanooga Oktoberfest,Chattanooga,United States,2026-10-17,2026-10-18,October,True,yearly,Beer festivals,Bavarian food and beer,True,https://tablejourney.com/united-states/chattanooga/festivals/chattanooga-oktoberfest/
Heard on Hurd Street Festival,Oklahoma City,United States,2026-10-17,2026-10-17,October,True,yearly,Street food festivals,,,https://tablejourney.com/united-states/oklahoma-city/festivals/heard-on-hurd-street-festival/
Arizona Taco Festival,Phoenix,United States,2026-10-17,2026-10-18,October,True,yearly,,"Tacos, tequila and agave spirits",False,https://tablejourney.com/united-states/phoenix/festivals/arizona-taco-festival/
C'è Più Gusto,Bologna,Italy,2026-10-17,2026-10-18,October,True,yearly,,"Italian and international cuisine talks, tastings, masterclasses",True,https://tablejourney.com/italy/bologna/festivals/ce-piu-gusto-bologna/
Al Dhafra Dates Festival and Auction,Abu Dhabi,United Arab Emirates,2026-10-17,2026-10-26,October,False,yearly,,"Date auctions, date beauty and honey contests, cooking competitions",,https://tablejourney.com/united-arab-emirates/abu-dhabi/festivals/al-dhafra-dates-festival-and-auction/
Milano Wine Week,Milan,Italy,2026-10-17,2026-10-25,October,True,yearly,Wine festivals,"Wine tastings, masterclasses and wine hospitality in bars, enoteche, restaurants and hotels",True,https://tablejourney.com/italy/milan/festivals/milano-wine-week/
Wine Fest at The Fives,Cancún,Mexico,2026-10-17,2026-10-17,October,True,yearly,Wine festivals; Barbecue festivals; Cheese festivals,"Wine tastings with charcoal-grilled meats, cheese and charcuterie stations",False,https://tablejourney.com/mexico/cancun/festivals/wine-fest-playa-del-carmen/
Seattle Restaurant Week,Seattle,United States,2026-10-18,2026-10-31,October,True,yearly,,Citywide prix-fixe menus,True,https://tablejourney.com/united-states/seattle/festivals/seattle-restaurant-week-spring/
Tampa Pig Jig,Tampa,United States,2026-10-18,2026-10-18,October,True,yearly,Barbecue festivals,Barbecue and country music,False,https://tablejourney.com/united-states/tampa/festivals/tampa-pig-jig/
Taste of Soul Family Festival,Los Angeles,United States,2026-10-18,2026-10-18,October,True,yearly,Barbecue festivals,"Soul food, Southern barbecue, Creole",True,https://tablejourney.com/united-states/los-angeles/festivals/taste-of-soul/
Fierucola di Santo Spirito,Florence,Italy,2026-10-18,2026-10-18,October,True,yearly,,"Tuscan small producers, organic",True,https://tablejourney.com/italy/florence/festivals/fierucola-santo-spirito-festival/
Brickfields Deepavali Bazaar,Kuala Lumpur,Malaysia,2026-10-18,2026-11-07,October,True,yearly,,South Indian,True,https://tablejourney.com/malaysia/kuala-lumpur/festivals/brickfields-deepavali-bazaar/
Fushimi Sake Festival,Kyoto,Japan,2026-10-18,2026-10-19,October,True,yearly,,Sake tastings from 25+ Fushimi breweries,False,https://tablejourney.com/japan/kyoto/festivals/kyoto-sake-matsuri/
Sarajevo Wine Weekend,Sarajevo,Bosnia and Herzegovina,2026-10-18,2026-10-19,October,True,yearly,Wine festivals,"Wine, Bosnian and Herzegovinian gastronomy",False,https://tablejourney.com/bosnia-and-herzegovina/sarajevo/festivals/sarajevo-wine-weekend/
Taste of Atlanta,Atlanta,United States,2026-10-18,2026-10-19,October,True,yearly,,Atlanta restaurant tastings,False,https://tablejourney.com/united-states/atlanta/festivals/taste-of-atlanta/
Main Street Block Party,Santa Monica,United States,2026-10-18,2026-10-18,October,True,yearly,Beer festivals; Wine festivals,"Street vendors, beer and wine garden",True,https://tablejourney.com/united-states/santa-monica/festivals/main-street-block-party/
Kobo-ichi Market at Toji Temple,Kyoto,Japan,2026-10-21,2026-10-21,October,False,yearly,,"Pickles, sake, wagashi, street snacks",True,https://tablejourney.com/japan/kyoto/festivals/toji-kobo-monthly-market/
Savour Kilkenny Food Festival,Kilkenny,Ireland,2026-10-22,2026-10-26,October,True,yearly,Beer festivals; Street food festivals,"Kilkenny artisan producers, street food, cookery demonstrations, craft brewers and distillers, restaurant dining events",,https://tablejourney.com/ireland/kilkenny/festivals/savour-kilkenny/
Zeeco Oktoberfest Tulsa,Tulsa,United States,2026-10-22,2026-10-25,October,True,yearly,Beer festivals,,,https://tablejourney.com/united-states/tulsa/festivals/zeeco-oktoberfest-tulsa/
Jidai Matsuri,Kyoto,Japan,2026-10-22,2026-10-22,October,True,yearly,,Period parade with shrine food stalls,True,https://tablejourney.com/japan/kyoto/festivals/jidai-matsuri/
Viini ja Ruoka Wine and Food Expo,Helsinki,Finland,2026-10-22,2026-10-25,October,True,yearly,Wine festivals,Wine and food tasting expo,False,https://tablejourney.com/finland/helsinki/festivals/viini-ja-ruoka-wine-food-expo/
Taipei Hot Spring Season (Beitou),Taipei,Taiwan,2026-10-22,2026-10-26,October,True,yearly,,"Hot spring cuisine, Beitou restaurant and hotel menus",True,https://tablejourney.com/taiwan/taipei/festivals/taipei-hot-spring-season/
Tokyo Ramen Festa,Tokyo,Japan,2026-10-23,2026-11-03,October,True,yearly,,Regional ramen styles from across Japan,False,https://tablejourney.com/japan/tokyo/festivals/tokyo-ramen-festa/
Jekyll Island Shrimp and Grits Festival,Savannah,United States,2026-10-23,2026-10-24,October,True,yearly,Seafood festivals,"Shrimp and grits, coastal Georgia seafood",True,https://tablejourney.com/united-states/savannah/festivals/jekyll-island-shrimp-and-grits/
Aarhus Together Craft Beer Festival,Aarhus,Denmark,2026-10-23,2026-10-24,October,True,yearly,Beer festivals,Craft beer,False,https://tablejourney.com/denmark/aarhus/festivals/aarhus-together-beer-festival/
Busan Jagalchi Festival,Busan,South Korea,2026-10-23,2026-10-26,October,True,yearly,Seafood festivals,Seafood,True,https://tablejourney.com/south-korea/busan/festivals/busan-jagalchi-festival/
Stockholm Beer and Whisky Festival,Stockholm,Sweden,2026-10-23,2026-10-24,October,True,yearly,Beer festivals,"Beer, whisky and craft spirits",False,https://tablejourney.com/sweden/stockholm/festivals/stockholm-beer-whisky-festival/
Salon des Vins des Vignerons Indépendants de Bourgogne et du Jura,Dijon,France,2026-10-23,2026-10-25,October,True,yearly,Cheese festivals,Burgundy and Jura wines,False,https://tablejourney.com/france/dijon/festivals/salon-des-vignerons-independants-bourgogne-jura/
Good Food & Wine Show Brisbane,Brisbane,Australia,2026-10-23,2026-10-25,October,True,yearly,Wine festivals; Street food festivals; Cheese festivals,"Cheese, wine, street food, chef masterclasses",False,https://tablejourney.com/australia/brisbane/festivals/good-food-wine-show-brisbane/
Tartòfla,Bologna,Italy,2026-10-24,2026-11-15,October,True,yearly,Harvest festivals,"White truffle: tastings, truffle-hunting walks and trattoria menus",True,https://tablejourney.com/italy/bologna/festivals/tartofla/
Prague Coffee Festival,Prague,Czech Republic,2026-10-24,2026-10-25,October,True,yearly,Coffee and tea festivals,Specialty coffee,False,https://tablejourney.com/czech-republic/prague/festivals/prague-coffee-festival/
Vadevermut Madrid (International Vermouth and Aperitivo Fair),Madrid,Spain,2026-10-24,2026-10-25,October,True,yearly,,"Vermouth, aperitivo, gourmet products",False,https://tablejourney.com/spain/madrid/festivals/vadevermut-madrid/
Festival Parrillero del Caribe,Cancún,Mexico,2026-10-24,2026-10-25,October,True,yearly,Beer festivals; Wine festivals; Barbecue festivals,"Live-fire grilling, smoked meats, wine, gin and craft-beer tastings",False,https://tablejourney.com/mexico/cancun/festivals/festival-parrillero-del-caribe/
USA TODAY Wine & Food Experience,Phoenix,United States,2026-10-24,2026-10-24,October,False,yearly,Beer festivals; Wine festivals,"Celebrity chefs, wine and spirits",False,https://tablejourney.com/united-states/phoenix/festivals/azcentral-food-and-wine-experience/
Cincinnati Coffee Festival,Cincinnati,United States,2026-10-24,2026-10-25,October,True,yearly,Chocolate and dessert festivals; Coffee and tea festivals,"Coffee, tea and pastry",False,https://tablejourney.com/united-states/cincinnati/festivals/cincinnati-coffee-festival/
Maine Veg Fest,Portland,United States,2026-10-24,2026-10-24,October,True,yearly,Street food festivals; Cheese festivals; Vegan and vegetarian festivals,"Plant-based food, vegan cheese and charcuterie, tempeh, food trucks",True,https://tablejourney.com/united-states/portland-maine/festivals/portland-veg-fest/
Taipei Hakka Village Market (Yimin Festival),Taipei,Taiwan,2026-10-24,2026-10-25,October,True,yearly,,"Hakka food, farm produce, rice cakes, preserved vegetables",True,https://tablejourney.com/taiwan/taipei/festivals/taipei-hakka-yimin-market/
Fiera Internazionale del Tartufo Bianco di Acqualagna,Rome,Italy,2026-10-25,2026-11-15,October,True,yearly,Harvest festivals,"White truffle, handmade tagliatelle, local red wines",True,https://tablejourney.com/italy/rome/festivals/fiera-internazionale-del-tartufo-bianco-di-acqualagna/
Mercatone dell Antiquariato sul Naviglio Grande,Milan,Italy,2026-10-25,2026-10-25,October,True,yearly,,Antiques and vintage market on the canal; food is not part of the listing,True,https://tablejourney.com/italy/milan/festivals/navigli-grande-mercato/
Culinaria Tasting Texas Wine + Food Festival,San Antonio,United States,2026-10-26,2026-10-29,October,True,yearly,Wine festivals,"Texas wine, chefs, and tastings",False,https://tablejourney.com/united-states/san-antonio/festivals/culinaria-tasting-texas-wine-food-festival/
Taste of Seoul,Seoul,South Korea,2026-10-27,2026-11-02,October,False,yearly,,"Korean cuisine, Seoul restaurant showcase",False,https://tablejourney.com/south-korea/seoul/festivals/taste-of-seoul/
Autumn Riga Restaurant Week,Riga,Latvia,2026-10-27,2026-11-09,October,True,yearly,,Three-course menus citywide,True,https://tablejourney.com/latvia/riga/festivals/riga-restaurant-week-autumn/
Dia de Muertos,Oaxaca,Mexico,2026-10-28,2026-11-04,October,True,yearly,Chocolate and dessert festivals; Halloween and Day of the Dead,"Pan de muerto, mole negro, chocolate",True,https://tablejourney.com/mexico/oaxaca/festivals/dia-de-muertos-oaxaca/
FEASTIVAL,Philadelphia,United States,2026-10-28,2026-10-28,October,True,yearly,,Multi-restaurant tasting,False,https://tablejourney.com/united-states/philadelphia/festivals/feastival/
Salon du Chocolat,Paris,France,2026-10-28,2026-11-01,October,True,yearly,Chocolate and dessert festivals,Chocolate,False,https://tablejourney.com/france/paris/festivals/salon-du-chocolat/
Hong Kong Wine and Dine Festival,Hong Kong,Hong Kong,2026-10-29,2026-11-01,October,True,yearly,Wine festivals,International wine and food,True,https://tablejourney.com/hong-kong/hong-kong/festivals/hong-kong-wine-dine-festival/
Mondial de la Bière Rio,Rio de Janeiro,Brazil,2026-10-29,2026-11-01,October,True,yearly,Beer festivals,Craft beer,False,https://tablejourney.com/brazil/rio-de-janeiro/festivals/mondial-de-la-biere-rio/
MTLaTABLE,Montreal,Canada,2026-10-29,2026-11-15,October,True,yearly,,Restaurant week table d'hote,True,https://tablejourney.com/canada/montreal/festivals/mtl-a-table/
Salon des Vignerons Independants Lyon,Lyon,France,2026-10-29,2026-11-01,October,True,yearly,,Independent French winemakers (419 producers in 2026),False,https://tablejourney.com/france/lyon/festivals/salon-vignerons-independants/
Chocoland Naples,Naples,Italy,2026-10-29,2026-11-01,October,False,yearly,Chocolate and dessert festivals,Artisan chocolate and Neapolitan confectionery,True,https://tablejourney.com/italy/naples/festivals/chocoland-napoli/
"Sciocolà, Festival del Cioccolato",Modena,Italy,2026-10-29,2026-11-01,October,True,yearly,Chocolate and dessert festivals,Artisan chocolate,True,https://tablejourney.com/italy/modena/festivals/sciocola-festival-del-cioccolato/
Taipei International Beef Noodle Festival,Taipei,Taiwan,2026-10-30,2026-11-01,October,True,yearly,,Beef noodle soup,True,https://tablejourney.com/taiwan/taipei/festivals/taipei-international-beef-noodle-festival/
Aux Vignobles ! Rennes,Rennes,France,2026-10-30,2026-11-02,October,True,yearly,Wine festivals,French wine and artisan gastronomy,False,https://tablejourney.com/france/rennes/festivals/aux-vignobles-rennes/
Hiroshima Food Festival,Hiroshima,Japan,2026-10-30,2026-10-31,October,True,yearly,Seafood festivals,"Hiroshima prefecture produce, oysters, okonomiyaki and sake",True,https://tablejourney.com/japan/hiroshima/festivals/hiroshima-food-festival/
Janal Pixan Cancún,Cancún,Mexico,2026-10-30,2026-11-02,October,False,yearly,Halloween and Day of the Dead,Pan de muerto contest and Day of the Dead food stalls,True,https://tablejourney.com/mexico/cancun/festivals/janal-pixan-cancun/
Tallinn Restaurant Week (Autumn),Tallinn,Estonia,2026-10-30,2026-11-08,October,True,yearly,,All-cuisine restaurant week,True,https://tablejourney.com/estonia/tallinn/festivals/tallinn-restaurant-week-autumn/
Festival de Vida y Muerte at Xcaret,Cancún,Mexico,2026-10-30,2026-11-02,October,True,yearly,,Traditional cooks from Quintana Roo and a guest state (Guanajuato in 2026),False,https://tablejourney.com/mexico/cancun/festivals/festival-de-vida-y-muerte-xcaret/
Eat the Street Hawaii,Honolulu,United States,2026-10-30,2026-10-30,October,True,yearly,Street food festivals,"Food truck rally, 40-plus vendors",True,https://tablejourney.com/united-states/honolulu/festivals/eat-the-street-honolulu/
Tsukiji Autumn Festival,Tokyo,Japan,2026-10-30,2026-11-01,October,True,yearly,Beer festivals; Wine festivals; Seafood festivals,"Tsukiji shops' special menus: seafood, meat, sweets, beer and wine",True,https://tablejourney.com/japan/tokyo/festivals/umaimon-tsukiji-marche/
Rio Restaurant Week,Rio de Janeiro,Brazil,2026-10-30,2026-11-30,October,True,yearly,,Brazilian,True,https://tablejourney.com/brazil/rio-de-janeiro/festivals/rio-restaurant-week/
Hanal Pixán (Festival de las Ánimas),Mérida,Mexico,2026-10-31,2026-11-02,October,True,yearly,Halloween and Day of the Dead,"Mucbipollo, pib de pollo, atole nuevo",True,https://tablejourney.com/mexico/merida/festivals/hanal-pixan/
Dia de la Cancion Criolla,Lima,Peru,2026-10-31,2026-10-31,October,True,yearly,,"Anticuchos, chicha morada, criolla cuisine",True,https://tablejourney.com/peru/lima/festivals/dia-de-la-cancion-criolla/
Foire Internationale et Gastronomique de Dijon,Dijon,France,2026-10-31,2026-11-11,October,True,yearly,Wine festivals,Burgundy and French regional gastronomy,False,https://tablejourney.com/france/dijon/festivals/foire-internationale-et-gastronomique-de-dijon/
Cork and Kerry Food Festival,Cork,Ireland,2026-10-31,2026-11-01,October,True,yearly,,,,https://tablejourney.com/ireland/cork/festivals/cork-and-kerry-food-festival/
Salouween Street,Salou,Spain,2026-10-31,2026-11-02,October,True,yearly,Street food festivals; Halloween and Day of the Dead,Food trucks and local restaurant stands with Halloween-themed tapas and sweets,True,https://tablejourney.com/spain/salou/festivals/salouween-street/
Festa dei Morti,Palermo,Italy,2026-11-01,2026-11-02,November,True,yearly,Halloween and Day of the Dead,"Frutta martorana, biscotti dei morti, Sicilian sweets",True,https://tablejourney.com/italy/palermo/festivals/festa-dei-morti-palermo/
207 Beer Week,Portland,United States,2026-11-01,2026-11-09,November,False,yearly,Beer festivals,"Maine craft beer, brewery events",True,https://tablejourney.com/united-states/portland-maine/festivals/207-beer-week/
Dia de Muertos Tlaquepaque,Guadalajara,Mexico,2026-11-01,2026-11-02,November,True,yearly,Halloween and Day of the Dead,Pan de muerto and traditional Mexican,True,https://tablejourney.com/mexico/guadalajara/festivals/dia-de-muertos-tlaquepaque/
Eat Drink SF,San Francisco,United States,2026-11-01,2026-11-09,November,False,yearly,,"Cross-cuisine, GGRA member rooms",False,https://tablejourney.com/united-states/san-francisco/festivals/eat-drink-sf/
Queen Victoria Market Night Market,Melbourne,Australia,2026-11-01,2026-11-30,November,True,yearly,Street food festivals,,,https://tablejourney.com/australia/melbourne/festivals/qvm-summer-night-market/
Setagaya Pan Matsuri,Tokyo,Japan,2026-11-01,2026-11-02,November,True,yearly,,Artisan bakeries from across Japan,True,https://tablejourney.com/japan/tokyo/festivals/setagaya-pan-matsuri/
Torrone dei Morti (All Souls),Naples,Italy,2026-11-01,2026-11-02,November,True,yearly,Chocolate and dessert festivals; Halloween and Day of the Dead,"Torrone dei morti, dark chocolate, hazelnuts",True,https://tablejourney.com/italy/naples/festivals/torrone-dei-morti/
Dia de los Muertos Celebration,El Paso,United States,2026-11-01,2026-11-30,November,True,yearly,Halloween and Day of the Dead,,,https://tablejourney.com/united-states/el-paso/festivals/dia-de-los-muertos-el-paso/
Dia de los Muertos Fort Worth,Fort Worth,United States,2026-11-01,2026-11-01,November,False,yearly,Halloween and Day of the Dead,,,https://tablejourney.com/united-states/fort-worth/festivals/dia-de-los-muertos-fort-worth/
Tardes Gulosas,Braga,Portugal,2026-11-01,2026-11-30,November,True,yearly,Chocolate and dessert festivals,Conventual and regional pastry and dessert,True,https://tablejourney.com/portugal/braga/festivals/tardes-gulosas-braga/
Huesos de Santo (Todos los Santos),Madrid,Spain,2026-11-01,2026-11-01,November,True,yearly,Halloween and Day of the Dead,"Huesos de santo, buñuelos de viento",True,https://tablejourney.com/spain/madrid/festivals/huesos-de-santo-todos-los-santos/
Tots Sants and the Castanyada,Barcelona,Spain,2026-11-01,2026-11-02,November,True,yearly,Harvest festivals; Halloween and Day of the Dead,"Panellets, chestnuts and sweet potato",True,https://tablejourney.com/spain/barcelona/festivals/tots-sants-castanyada/
Breizh Bier Session,Rennes,France,2026-11-01,2026-11-30,November,False,yearly,Beer festivals,Breton craft beer,False,https://tablejourney.com/france/rennes/festivals/breizh-bier-session/
Omaha Reubenfest,Omaha,United States,2026-11-01,2026-11-30,November,True,yearly,Cheese festivals,,,https://tablejourney.com/united-states/omaha/festivals/omaha-reubenfest/
Feria del Pulque,Puebla,Mexico,2026-11-01,2026-11-02,November,False,yearly,,Pulque,True,https://tablejourney.com/mexico/puebla/festivals/feria-del-pulque-puebla/
Bière à Lille,Lille,France,2026-11-02,2026-11-08,November,True,yearly,Beer festivals,Craft beer,False,https://tablejourney.com/france/lille/festivals/biere-a-lille/
TaPalma,Palma,Spain,2026-11-04,2026-11-08,November,True,yearly,,Tapas and cocktails,True,https://tablejourney.com/spain/palma/festivals/tapalma/
ENOEXPO (International Wine Trade Fair),Kraków,Poland,2026-11-04,2026-11-06,November,True,yearly,Wine festivals,Polish and Central European wine,False,https://tablejourney.com/poland/krakow/festivals/wine-festival-krakow/
Loy Krathong and Yi Peng,Chiang Mai,Thailand,2026-11-05,2026-11-06,November,True,yearly,Street food festivals,Street food and sweets,True,https://tablejourney.com/thailand/chiang-mai/festivals/loy-krathong-yi-peng/
Fieracavalli,Verona,Italy,2026-11-05,2026-11-08,November,True,yearly,Street food festivals,Equestrian and Italian street food,False,https://tablejourney.com/italy/verona/festivals/fieracavalli-veronafiere/
Hong Kong International Wine & Spirits Fair,Hong Kong,Hong Kong,2026-11-05,2026-11-07,November,True,yearly,Beer festivals; Wine festivals,"Wine, spirits, baijiu, craft beer",False,https://tablejourney.com/hong-kong/hong-kong/festivals/hktdc-wine-spirits-fair/
Lexington Bourbon Week,Lexington,United States,2026-11-05,2026-11-14,November,False,yearly,,Bourbon cocktails,True,https://tablejourney.com/united-states/lexington/festivals/lexington-bourbon-week/
San Diego Bay Wine and Food Festival,San Diego,United States,2026-11-06,2026-11-08,November,True,yearly,Wine festivals,Wine and food,False,https://tablejourney.com/united-states/san-diego/festivals/san-diego-bay-wine-and-food-festival/
Tori-no-Ichi Asakusa,Tokyo,Japan,2026-11-06,2026-11-30,November,True,yearly,,Tori meat skewers and yatai festival food,True,https://tablejourney.com/japan/tokyo/festivals/tori-no-ichi-asakusa/
Weihnachtsmarkt Schloss Schönbrunn,Vienna,Austria,2026-11-06,2027-01-06,November,True,yearly,Christmas markets,"Punsch, Gluehwein, Maroni, Spaetzle, Strudel, Wuerstel",True,https://tablejourney.com/austria/vienna/festivals/kultur-und-weihnachtsmarkt-schoenbrunn/
Diwali Sweets Season,Mumbai,India,2026-11-06,2026-11-10,November,True,yearly,,"Indian sweets: shrikhand, ghari, mawa peda, chivda",True,https://tablejourney.com/india/mumbai/festivals/diwali-sweets-mumbai/
Manchester Christmas Markets,Manchester,United Kingdom,2026-11-06,2026-12-22,November,True,yearly,Christmas markets; Wine festivals; Street food festivals,"Mulled wine, bratwurst and festive street food",True,https://tablejourney.com/united-kingdom/manchester/festivals/manchester-christmas-markets/
First Friday in the Crossroads,Kansas City,United States,2026-11-06,2026-11-06,November,True,yearly,Street food festivals,Crossroads restaurants and galleries,True,https://tablejourney.com/united-states/kansas-city/festivals/first-friday-crossroads/
El Paso Winefest,El Paso,United States,2026-11-06,2026-11-07,November,True,yearly,Wine festivals,,,https://tablejourney.com/united-states/el-paso/festivals/el-paso-winefest/
Salon des Vins des Vignerons Indépendants de Reims,Reims,France,2026-11-06,2026-11-09,November,True,yearly,Wine festivals,"French wine, all regions",False,https://tablejourney.com/france/reims/festivals/salon-des-vignerons-independants-reims/
The Night Market,Lexington,United States,2026-11-06,2026-11-06,November,True,yearly,Street food festivals,Street food and local makers,True,https://tablejourney.com/united-states/lexington/festivals/noli-night-market/
Salon Mer et Vigne Lyon,Lyon,France,2026-11-06,2026-11-09,November,True,yearly,Seafood festivals,"Independent winegrowers, oysters and seafood, épicerie fine",True,https://tablejourney.com/france/lyon/festivals/salon-mer-et-vigne-lyon/
Bristol Christmas Market,Bristol,United Kingdom,2026-11-06,2026-12-23,November,True,yearly,Christmas markets; Street food festivals,Festive street food and mulled drinks,True,https://tablejourney.com/united-kingdom/bristol/festivals/bristol-christmas-market-festival/
Texas Monthly BBQ Fest,Austin,United States,2026-11-07,2026-11-08,November,True,yearly,Barbecue festivals,Texas barbecue from the Top 50,False,https://tablejourney.com/united-states/austin/festivals/texas-monthly-bbq-fest/
Austin Food and Wine Festival,Austin,United States,2026-11-07,2026-11-09,November,True,yearly,Wine festivals,National chef tasting and Texas wines,False,https://tablejourney.com/united-states/austin/festivals/austin-food-and-wine-festival/
Essencia do Vinho Lisboa,Lisbon,Portugal,2026-11-07,2026-11-09,November,True,yearly,Wine festivals,"Premium Portuguese wines, masterclasses",False,https://tablejourney.com/portugal/lisbon/festivals/essencia-do-vinho-lisboa/
Galway Christmas Market,Galway,Ireland,2026-11-07,2026-12-31,November,True,yearly,Christmas markets; Beer festivals; Wine festivals,"Bratwurst, crêpes, pretzels, waffles, mulled wine and Bier Keller beers",True,https://tablejourney.com/ireland/galway/festivals/galway-city-market-christmas/
November Porc,Parma,Italy,2026-11-07,2026-11-29,November,True,yearly,,Culatello and pork traditions,True,https://tablejourney.com/italy/parma/festivals/november-porc/
Orlando Greek Festival,Orlando,United States,2026-11-07,2026-11-09,November,True,yearly,Wine festivals,"Greek food, pastries, wine",False,https://tablejourney.com/united-states/orlando/festivals/orlando-greek-festival/
Honolulu Restaurant Week,Honolulu,United States,2026-11-07,2026-11-15,November,True,yearly,,Prix fixe menus across Oahu,True,https://tablejourney.com/united-states/honolulu/festivals/honolulu-restaurant-week/
Jul i Vinterland,Oslo,Norway,2026-11-07,2027-01-03,November,True,yearly,Christmas markets,"Gløgg, grilled sausages and Christmas sweets",True,https://tablejourney.com/norway/oslo/festivals/jul-i-vinterland/
Ljubljana Wine Route (Martinovo),Ljubljana,Slovenia,2026-11-07,2026-11-07,November,True,yearly,Wine festivals,Young Slovenian wines and traditional plates,False,https://tablejourney.com/slovenia/ljubljana/festivals/ljubljana-wine-route-martinovo/
Sanur Village Festival,Bali,Indonesia,2026-11-07,2026-11-09,November,False,yearly,Street food festivals; Seafood festivals,Sanur seafood lawar and street food,True,https://tablejourney.com/indonesia/bali/festivals/sanur-village-festival/
San Francisco Coffee Festival,Oakland,United States,2026-11-07,2026-11-08,November,True,yearly,Coffee and tea festivals,Specialty coffee tasting,False,https://tablejourney.com/united-states/oakland/festivals/san-francisco-coffee-festival/
ATX Wing Fest (Austin Chicken Wing Festival),Austin,United States,2026-11-07,2026-11-07,November,True,yearly,,Wings from 30+ Austin restaurants,False,https://tablejourney.com/united-states/austin/festivals/atx-wing-fest/
Oak Street Po-Boy Festival,New Orleans,United States,2026-11-08,2026-11-08,November,True,yearly,,Po-boys,True,https://tablejourney.com/united-states/new-orleans/festivals/po-boy-festival/
Deepavali in Little India,Penang,Malaysia,2026-11-08,2026-11-08,November,True,yearly,,Indian sweets and snacks,True,https://tablejourney.com/malaysia/penang/festivals/deepavali-little-india/
Denver Bloody Mary Festival,Denver,United States,2026-11-08,2026-11-08,November,True,yearly,,"Bloody Marys from Denver bars and restaurants, plus food tastes",False,https://tablejourney.com/united-states/denver/festivals/denver-bloody-mary-festival/
Shalom Y'all Jewish Food Festival,Savannah,United States,2026-11-08,2026-11-08,November,True,yearly,,"Jewish deli: pastrami, latkes, matzo ball soup, shawarma",True,https://tablejourney.com/united-states/savannah/festivals/shalom-yall-jewish-food-festival/
Savannah Food and Wine Festival,Savannah,United States,2026-11-10,2026-11-14,November,True,yearly,Wine festivals,"Wine tastings, chef collaborations, Southern food",False,https://tablejourney.com/united-states/savannah/festivals/savannah-food-and-wine-festival/
Nizip Olive Festival,Gaziantep,Turkey,2026-11-10,2026-11-15,November,False,yearly,Harvest festivals,Olive and olive oil,True,https://tablejourney.com/turkey/gaziantep/festivals/nizip-zeytin-festivali/
St. Martin's Day (Imieniny Ulicy Świętego Marcina),Poznań,Poland,2026-11-11,2026-11-11,November,True,yearly,,"Rogal świętomarciński, goose",True,https://tablejourney.com/poland/poznan/festivals/imieniny-ulicy-swietego-marcina/
Gesina na sw. Marcina,Kraków,Poland,2026-11-11,2026-11-29,November,True,yearly,,Roast and modern goose dishes for St Martin's Day,True,https://tablejourney.com/poland/krakow/festivals/gesina-na-sw-marcina/
Festa di San Martino,Venice,Italy,2026-11-11,2026-11-11,November,True,yearly,Wine festivals; Harvest festivals; Chocolate and dessert festivals,"Dolce di San Martino shortcrust biscuit, roast chestnuts, new wine",True,https://tablejourney.com/italy/venice/festivals/festa-di-san-martino/
São Martinho and the Magusto,Porto,Portugal,2026-11-11,2026-11-11,November,True,yearly,Harvest festivals; Halloween and Day of the Dead,"Roasted chestnuts, água-pé, jeropiga",True,https://tablejourney.com/portugal/porto/festivals/sao-martinho-magusto/
Distillery Winter Village,Toronto,Canada,2026-11-12,2027-01-03,November,True,yearly,Christmas markets; Wine festivals; Chocolate and dessert festivals,"Swiss raclette, fried spiral potatoes, mulled wine, hot chocolate",False,https://tablejourney.com/canada/toronto/festivals/distillery-winter-village/
Noorse Kerstmarkt,Rotterdam,Netherlands,2026-11-12,2026-11-15,November,True,yearly,Christmas markets; Coffee and tea festivals,"Norwegian baking, waffles, coffee",True,https://tablejourney.com/netherlands/rotterdam/festivals/noorse-kerstmarkt-rotterdam/
Christkindlmarkt am Rathausplatz,Vienna,Austria,2026-11-13,2026-12-26,November,True,yearly,Christmas markets,"Glühwein, Punsch, Bratwurst, Lebkuchen",True,https://tablejourney.com/austria/vienna/festivals/rathausplatz-christkindlmarkt/
Tivoli Christmas Market,Copenhagen,Denmark,2026-11-13,2027-01-03,November,True,yearly,Christmas markets,"Danish Christmas food: æbleskiver, gløgg, julemad",False,https://tablejourney.com/denmark/copenhagen/festivals/tivoli-christmas-market/
Weihnachtsmarkt am Spittelberg,Vienna,Austria,2026-11-13,2026-12-23,November,True,yearly,Christmas markets,"Punsch, Langos, Kaiserschmarren, Buchteln",True,https://tablejourney.com/austria/vienna/festivals/weihnachtsmarkt-am-spittelberg/
Sydney Cellar Door,Sydney,Australia,2026-11-13,2026-11-15,November,True,yearly,Wine festivals; Seafood festivals,Australian wine and food,False,https://tablejourney.com/australia/sydney/festivals/sydney-cellar-door/
Vörösmarty Christmas Market,Budapest,Hungary,2026-11-13,2027-01-01,November,True,yearly,Christmas markets; Wine festivals; Street food festivals,"Mulled wine, Hungarian street food",True,https://tablejourney.com/hungary/budapest/festivals/vorosmarty-christmas-market/
Weihnachtsmarkt am Hof,Vienna,Austria,2026-11-13,2026-12-23,November,True,yearly,Christmas markets; Wine festivals; Cheese festivals,"Punsch, Groestl, Alpine cheese, Langos",True,https://tablejourney.com/austria/vienna/festivals/weihnachtsmarkt-am-hof/
Art Advent am Karlsplatz,Vienna,Austria,2026-11-13,2026-12-23,November,True,yearly,Christmas markets; Harvest festivals,"Organic punch, Kiachl, Blunzengroestl, roast chestnuts",True,https://tablejourney.com/austria/vienna/festivals/art-advent-karlsplatz/
Taiwan International Coffee Show,Taipei,Taiwan,2026-11-13,2026-11-16,November,True,yearly,Coffee and tea festivals,"Coffee, tea, roasting equipment",False,https://tablejourney.com/taiwan/taipei/festivals/taiwan-international-coffee-show/
Weihnachtsdorf Uni Campus Altes AKH,Vienna,Austria,2026-11-13,2026-12-23,November,True,yearly,Wine festivals; Harvest festivals,"Punsch, Gluehwein, roast chestnuts, provincial Austrian dishes",True,https://tablejourney.com/austria/vienna/festivals/weihnachtsdorf-uni-campus-altes-akh/
Expo Tequila Guadalajara,Guadalajara,Mexico,2026-11-13,2026-11-15,November,True,yearly,,Tequila tasting,False,https://tablejourney.com/mexico/guadalajara/festivals/expo-tequila/
Taste of Abu Dhabi,Abu Dhabi,United Arab Emirates,2026-11-13,2026-11-15,November,True,yearly,Barbecue festivals,"Pop-up dishes from 16 Abu Dhabi restaurants, chef workshops, pasta and barbecue classes",False,https://tablejourney.com/united-arab-emirates/abu-dhabi/festivals/taste-of-abu-dhabi/
Salon des Vins des Vignerons Indépendants,Lille,France,2026-11-13,2026-11-16,November,True,yearly,,French independent-winery wines,False,https://tablejourney.com/france/lille/festivals/salon-des-vignerons-independants-lille/
Christmas at Liseberg,Gothenburg,Sweden,2026-11-14,2026-11-14,November,True,yearly,Christmas markets,,,https://tablejourney.com/sweden/gothenburg/festivals/julmarknaden-liseberg-goteborg/
Altwiener Christkindlmarkt auf der Freyung,Vienna,Austria,2026-11-14,2026-12-23,November,True,yearly,Christmas markets; Wine festivals; Cheese festivals,"Punsch, regional wine, ham and Alpine cheese",True,https://tablejourney.com/austria/vienna/festivals/altwiener-christkindlmarkt-freyung/
Cantillon Public Brewing Day,Brussels,Belgium,2026-11-14,2026-11-14,November,True,yearly,,Lambic and gueuze,False,https://tablejourney.com/belgium/brussels/festivals/cantillon-public-brewing-day/
Festa do Imigrante,São Paulo,Brazil,2026-11-14,2026-11-15,November,True,yearly,,International,True,https://tablejourney.com/brazil/sao-paulo/festivals/festa-do-imigrante/
Rossio Christmas Market,Lisbon,Portugal,2026-11-14,2026-12-21,November,False,yearly,Christmas markets,"Christmas sweets, seasonal drinks, local produce",True,https://tablejourney.com/portugal/lisbon/festivals/rossio-christmas-market/
St Martin's Feast and Roast Goose (Svatomartinské slavnosti),Prague,Czech Republic,2026-11-14,2026-11-14,November,True,yearly,Wine festivals,"St Martin's young wine, roast goose",True,https://tablejourney.com/czech-republic/prague/festivals/svatomartinske-slavnosti-naplavka/
Vilnius Gastronomy Week,Vilnius,Lithuania,2026-11-15,2026-11-24,November,True,yearly,,Modern Lithuanian,True,https://tablejourney.com/lithuania/vilnius/festivals/vilnius-gastronomy-week/
Foire aux Santons de Marseille,Marseille,France,2026-11-15,2027-01-04,November,True,yearly,Chocolate and dessert festivals,Provencal Christmas crafts and 13 desserts of Noel,True,https://tablejourney.com/france/marseille/festivals/foire-aux-santons/
Mercato di Natale in Piazza Santa Croce,Florence,Italy,2026-11-15,2026-12-21,November,False,yearly,Christmas markets; Wine festivals,German and central European Christmas food,True,https://tablejourney.com/italy/florence/festivals/mercato-di-natale-santa-croce/
Cologne Christmas Markets,Cologne,Germany,2026-11-16,2026-12-23,November,True,yearly,Christmas markets,,,https://tablejourney.com/germany/cologne/festivals/cologne-christmas-markets-festival/
Village de Noël de Lille,Lille,France,2026-11-18,2026-12-30,November,True,yearly,Seafood festivals,"Tartiflette, oysters, gingerbread and vin chaud",True,https://tablejourney.com/france/lille/festivals/village-de-noel-lille/
Ebisu Taisai (Ebessan),Hiroshima,Japan,2026-11-18,2026-11-20,November,True,yearly,Street food festivals,Festival yatai street food,True,https://tablejourney.com/japan/hiroshima/festivals/ebisu-taisai/
Dublin Loves Christmas at the RDS,Dublin,Ireland,2026-11-18,2026-12-23,November,False,yearly,Christmas markets; Wine festivals,"Christmas market stalls, mulled wine and festive food",True,https://tablejourney.com/ireland/dublin/festivals/dublin-loves-christmas-rds/
Slovenian Wine Festival (Slovenski festival vin),Ljubljana,Slovenia,2026-11-19,2026-11-20,November,True,yearly,Wine festivals,Slovenian and visiting wines,False,https://tablejourney.com/slovenia/ljubljana/festivals/slovenian-wine-festival/
Beaujolais Nouveau Day,Lyon,France,2026-11-19,2026-11-22,November,True,yearly,Wine festivals,Beaujolais Nouveau wine release,True,https://tablejourney.com/france/lyon/festivals/beaujolais-nouveau/
Millévin,Avignon,France,2026-11-19,2026-11-19,November,True,yearly,Christmas markets; Wine festivals,Côtes du Rhône new vintage,False,https://tablejourney.com/france/avignon/festivals/millevin/
Namesti Miru Christmas Market,Prague,Czech Republic,2026-11-20,2026-12-24,November,True,yearly,Christmas markets,Czech advent food,True,https://tablejourney.com/czech-republic/prague/festivals/namesti-miru-christmas-market/
Muenchner Christkindlmarkt,Munich,Germany,2026-11-20,2026-12-24,November,True,yearly,Christmas markets,"Gluehwein, punch, gingerbread and roasted nuts",True,https://tablejourney.com/germany/munich/festivals/muenchner-christkindlmarkt/
Hamburg Christmas Markets,Hamburg,Germany,2026-11-20,2026-12-23,November,True,yearly,Christmas markets,"Gluehwein, bratwurst, gebrannte Mandeln, Stollen",True,https://tablejourney.com/germany/hamburg/festivals/hamburg-christmas-markets/
Jarmark Bożonarodzeniowy,Wrocław,Poland,2026-11-20,2027-01-07,November,True,yearly,Christmas markets; Wine festivals,"Mulled wine, pierogi, Polish sausages, gingerbread",True,https://tablejourney.com/poland/wroclaw/festivals/jarmark-bozonarodzeniowy/
Jarmark Warszawski (Warsaw Christmas Market),Warsaw,Poland,2026-11-20,2027-01-06,November,True,yearly,Christmas markets; Wine festivals; Chocolate and dessert festivals,"Mulled wine, hot chocolate and grilled winter food",True,https://tablejourney.com/poland/warsaw/festivals/jarmark-warszawski/
Sfincione Fest,Palermo,Italy,2026-11-20,2026-11-23,November,True,yearly,,Sfincione (Sicilian focaccia pizza),True,https://tablejourney.com/italy/palermo/festivals/sfincione-fest/
Bagna Cauda Day,Turin,Italy,2026-11-20,2026-11-29,November,True,yearly,,Bagna cauda,False,https://tablejourney.com/italy/turin/festivals/bagna-cauda-day/
Good Food and Wine Show Sydney,Sydney,Australia,2026-11-20,2026-11-22,November,True,yearly,Wine festivals; Cheese festivals,Modern Australian wine and food,False,https://tablejourney.com/australia/sydney/festivals/good-food-and-wine-show/
Mercatini di Natale Verona,Verona,Italy,2026-11-20,2026-12-27,November,True,yearly,Christmas markets; Wine festivals; Harvest festivals,"Pandoro, torrone, mulled wine, roasted chestnuts",True,https://tablejourney.com/italy/verona/festivals/mercati-natale-verona/
Welsh'Fest,Lille,France,2026-11-20,2026-11-22,November,True,yearly,Beer festivals; Cheese festivals,Welsh,True,https://tablejourney.com/france/lille/festivals/welsh-fest/
Wintermarkt am Riesenradplatz,Vienna,Austria,2026-11-20,2027-01-06,November,True,yearly,Wine festivals,"Punsch, Gluehwein, Buchteln, Kaiserschmarren, Langos",True,https://tablejourney.com/austria/vienna/festivals/wintermarkt-riesenradplatz/
TwinkleTown Christmas Market,Dublin,Ireland,2026-11-20,2026-12-31,November,True,yearly,Christmas markets; Wine festivals; Chocolate and dessert festivals,"Christmas market food and drink, mulled wine and hot chocolate",True,https://tablejourney.com/ireland/dublin/festivals/twinkletown-christmas-market/
Weihnachtsdorf Maria-Theresien-Platz,Vienna,Austria,2026-11-20,2026-12-26,November,True,yearly,Harvest festivals,"Punsch, Leberkaese, Langos, Lebkuchen",True,https://tablejourney.com/austria/vienna/festivals/weihnachtsdorf-maria-theresien-platz/
Winter Glow Christmas Market,Bruges,Belgium,2026-11-20,2027-01-03,November,True,yearly,Christmas markets,Christmas market food and gluhwein,True,https://tablejourney.com/belgium/bruges/festivals/winter-glow-christmas-market/
Marché de Noël de Nantes,Nantes,France,2026-11-20,2026-12-28,November,False,yearly,Christmas markets; Harvest festivals,"Vin chaud, roasted chestnuts and regional gastronomy",True,https://tablejourney.com/france/nantes/festivals/marche-de-noel-de-nantes/
Holiday Folk Fair International,Milwaukee,United States,2026-11-20,2026-11-22,November,True,yearly,,International,False,https://tablejourney.com/united-states/milwaukee/festivals/holiday-folk-fair/
Marché de Noël de Lyon (Place Carnot),Lyon,France,2026-11-20,2026-12-24,November,True,yearly,Christmas markets,"Christmas market food, vin chaud, regional produce",True,https://tablejourney.com/france/lyon/festivals/marche-de-noel-place-carnot/
Festa della Madonna della Salute,Venice,Italy,2026-11-21,2026-11-21,November,True,yearly,,"Castradina, smoked mutton and cabbage soup; frittelle and candied fruit",True,https://tablejourney.com/italy/venice/festivals/festa-della-salute/
Young Wine Festival Plovdiv,Plovdiv,Bulgaria,2026-11-21,2026-11-23,November,False,yearly,Wine festivals,Bulgarian wine and artisan food,False,https://tablejourney.com/bulgaria/plovdiv/festivals/young-wine-festival-plovdiv/
Gdańsk Christmas Market (Jarmark Bożonarodzeniowy),Gdańsk,Poland,2026-11-21,2026-12-23,November,True,yearly,Christmas markets; Wine festivals,"Polish Christmas, mulled wine, smoked sausages",True,https://tablejourney.com/poland/gdansk/festivals/jarmark-bozonarodzeniowy/
MICHELIN Guide Food Festival Abu Dhabi,Abu Dhabi,United Arab Emirates,2026-11-21,2026-11-23,November,False,yearly,,"Dishes from Michelin Guide restaurants in Abu Dhabi and abroad, masterclasses, a producers' market",False,https://tablejourney.com/united-arab-emirates/abu-dhabi/festivals/michelin-guide-food-festival-abu-dhabi/
Hanoi Beer Festival,Hanoi,Vietnam,2026-11-21,2026-11-22,November,False,yearly,Beer festivals,Bia Hanoi draft beer and Northern food stalls,True,https://tablejourney.com/vietnam/hanoi/festivals/hanoi-beer-festival/
Vegan Planet,Vienna,Austria,2026-11-21,2026-11-22,November,True,yearly,Vegan and vegetarian festivals,Vegan food and lifestyle expo,False,https://tablejourney.com/austria/vienna/festivals/vegan-planet/
Enophilo Wine Fest Porto,Porto,Portugal,2026-11-21,2026-11-21,November,True,yearly,Wine festivals,Portuguese wine,False,https://tablejourney.com/portugal/porto/festivals/enophilo-wine-fest-porto/
Jarmark Bozonarodzeniowy przy Barbakanie,Warsaw,Poland,2026-11-22,2027-01-06,November,False,yearly,Christmas markets,"Bigos, pierogi, oscypek and grzaniec",True,https://tablejourney.com/poland/warsaw/festivals/jarmark-bozonarodzeniowy-barbakan/
Fira de Nadal de la Sagrada Familia,Barcelona,Spain,2026-11-22,2026-12-23,November,False,yearly,Christmas markets; Cheese festivals,Catalan Christmas sweets,True,https://tablejourney.com/spain/barcelona/festivals/fira-de-nadal-de-la-sagrada-familia/
Marche de Noel des Champs-Elysees,Paris,France,2026-11-22,2027-01-04,November,True,yearly,Christmas markets,"Vin chaud, crepes and festive chalets",True,https://tablejourney.com/france/paris/festivals/marche-de-noel-champs-elysees/
Marche de Noel du Vieux-Port,Marseille,France,2026-11-22,2027-01-04,November,False,yearly,Christmas markets; Wine festivals; Harvest festivals,"Provencal Christmas treats, mulled wine and chestnuts",True,https://tablejourney.com/france/marseille/festivals/marche-de-noel-vieux-port/
Frankfurter Weihnachtsmarkt,Frankfurt,Germany,2026-11-23,2026-12-22,November,True,yearly,Christmas markets; Wine festivals,"Bethmännchen, hot apple wine, Quetschemännchen",True,https://tablejourney.com/germany/frankfurt/festivals/frankfurter-weihnachtsmarkt/
WeihnachtsZauber Gendarmenmarkt,Berlin,Germany,2026-11-23,2026-12-31,November,True,yearly,Wine festivals; Harvest festivals,"Roasted almonds, chestnuts and mulled wine",False,https://tablejourney.com/germany/berlin/festivals/weihnachtszauber-gendarmenmarkt/
Festa del Calamar,Salou,Spain,2026-11-24,2026-11-29,November,True,yearly,,"Squid: a week-long squid-fishing contest from the port, a popular squid tasting on the breakwater and squid menus in local restaurants",True,https://tablejourney.com/spain/salou/festivals/festa-del-calamar-salou/
Loy Krathong Food Festival,Bangkok,Thailand,2026-11-24,2026-11-25,November,True,yearly,,Thai sweets and seasonal river dishes,True,https://tablejourney.com/thailand/bangkok/festivals/loy-krathong-bangkok/
Tollwood Winter Festival,Munich,Germany,2026-11-24,2026-12-23,November,True,yearly,Christmas markets; Street food festivals,"International street food, Glühwein, vegan",True,https://tablejourney.com/germany/munich/festivals/tollwood-winter/
Marché de Noël de Reims,Reims,France,2026-11-25,2026-12-27,November,True,yearly,Christmas markets,Regional Christmas specialities,True,https://tablejourney.com/france/reims/festivals/marche-de-noel-de-reims/
Les Nocturnes du Sablon,Brussels,Belgium,2026-11-26,2026-11-29,November,False,yearly,Chocolate and dessert festivals,Belgian chocolate and pastry,True,https://tablejourney.com/belgium/brussels/festivals/nocturnes-du-sablon/
Marche de Noel du Capitole,Toulouse,France,2026-11-26,2026-12-27,November,True,yearly,Christmas markets; Wine festivals,Christmas market food and mulled wine,True,https://tablejourney.com/france/toulouse/festivals/marche-de-noel-capitole/
Jornadas Menjars del Nostre Poble,Benidorm,Spain,2026-11-26,2026-11-29,November,True,yearly,,Traditional Benidorm home cooking,True,https://tablejourney.com/spain/benidorm/festivals/menjars-del-nostre-poble/
Eat & Drink Festival Christmas,London,United Kingdom,2026-11-26,2026-11-29,November,True,yearly,Street food festivals,"Festive food and drink, chef demonstrations, artisan producers, street food",False,https://tablejourney.com/united-kingdom/london/festivals/eat-drink-festival-christmas/
Bratislava Christmas Market,Bratislava,Slovakia,2026-11-27,2027-01-06,November,True,yearly,Christmas markets; Wine festivals,"Lokse, vianocna kapustnica, varene vino, klobasa",True,https://tablejourney.com/slovakia/bratislava/festivals/bratislava-christmas-market/
Christkindelsmarik,Strasbourg,France,2026-11-27,2026-12-24,November,True,yearly,Wine festivals,Alsatian Christmas food,True,https://tablejourney.com/france/strasbourg/festivals/christkindelsmarik/
Winter Wonders (Plaisirs d'Hiver),Brussels,Belgium,2026-11-27,2027-01-03,November,True,yearly,Christmas markets,Christmas market food and drink,True,https://tablejourney.com/belgium/brussels/festivals/winter-wonders/
Festive December in Ljubljana,Ljubljana,Slovenia,2026-11-27,2027-01-15,November,True,yearly,Wine festivals,"Mulled wine, hot tea and local delicacies",True,https://tablejourney.com/slovenia/ljubljana/festivals/festive-december-ljubljana/
Jarmark Bożonarodzeniowy (Christmas Market),Kraków,Poland,2026-11-27,2027-01-06,November,True,yearly,Christmas markets; Wine festivals,"Grilled oscypek with cranberries, mulled wine, gingerbread, roasted nuts",True,https://tablejourney.com/poland/krakow/festivals/rynek-glowny-christmas-market/
Riga Christmas Market (Vecrigas Ziemassvetku tirdzins),Riga,Latvia,2026-11-27,2027-01-04,November,False,yearly,Christmas markets; Wine festivals,"Latvian gingerbread, mulled wine and hearty Latvian dishes",True,https://tablejourney.com/latvia/riga/festivals/riga-old-town-christmas-piparkukas/
Aarhus Christmas Market,Aarhus,Denmark,2026-11-27,2026-12-20,November,True,yearly,Christmas markets,Traditional Danish Christmas food,True,https://tablejourney.com/denmark/aarhus/festivals/aarhus-christmas-food-market/
Salon Aux Vignobles ! Nantes,Nantes,France,2026-11-27,2026-11-29,November,True,yearly,Wine festivals; Chocolate and dessert festivals; Cheese festivals,"French wine, cheese, charcuterie and chocolate",False,https://tablejourney.com/france/nantes/festivals/salon-aux-vignobles-nantes/
Advent u Splitu (Advent in Split),Split,Croatia,2026-11-27,2027-01-07,November,False,yearly,Christmas markets; Wine festivals,"Fritule, mulled wine, Dalmatian prosciutto, Christmas Eve cod",True,https://tablejourney.com/croatia/split/festivals/advent-u-splitu/
Mercado de Navidad de la Plaza Mayor (Christmas Market),Madrid,Spain,2026-11-27,2026-12-31,November,True,yearly,Christmas markets; Chocolate and dessert festivals,"Turron, hot chocolate, Christmas sweets",True,https://tablejourney.com/spain/madrid/festivals/mercado-de-navidad-plaza-mayor/
Riga Old Town Christmas Market,Riga,Latvia,2026-11-28,2027-01-04,November,True,yearly,Christmas markets; Wine festivals,"Latvian Christmas food, piparkūkas, mulled wine",True,https://tablejourney.com/latvia/riga/festivals/riga-christmas-market/
Christmas at Via San Gregorio Armeno,Naples,Italy,2026-11-28,2027-01-06,November,True,yearly,,"Neapolitan Christmas food: struffoli, pastiera, torrone, alongside presepe artisan stalls",True,https://tablejourney.com/italy/naples/festivals/natale-dei-sapori-napoli/
Fira de Santa Llucia,Barcelona,Spain,2026-11-28,2026-12-23,November,False,yearly,Christmas markets,Catalan Christmas,True,https://tablejourney.com/spain/barcelona/festivals/fira-de-santa-llucia/
Târgul de Crăciun București,Bucharest,Romania,2026-11-28,2026-12-28,November,False,yearly,Christmas markets; Wine festivals,"Romanian Christmas market: cozonac, sarmale, mulled wine, mici",True,https://tablejourney.com/romania/bucharest/festivals/targul-de-craciun-bucuresti/
Wonderland Lisboa,Lisbon,Portugal,2026-11-28,2027-01-04,November,False,yearly,Christmas markets; Street food festivals,"Christmas market food, Portuguese sweets, hot drinks",True,https://tablejourney.com/portugal/lisbon/festivals/wonderland-lisboa/
Map of Flavours,Thessaloniki,Greece,2026-11-28,2026-11-30,November,True,yearly,Wine festivals,Wine tasting: Greek producers at the largest wine fair in Northern Greece,,https://tablejourney.com/greece/thessaloniki/festivals/map-of-flavours-festival/
Taste of Cape Town,Cape Town,South Africa,2026-11-28,2026-11-29,November,True,yearly,,Cape Town restaurant cooking,False,https://tablejourney.com/south-africa/cape-town/festivals/taste-of-cape-town/
Navidad y Belenes de Sevilla,Seville,Spain,2026-11-28,2027-01-06,November,True,yearly,Christmas markets,"Roscon de reyes, polvorones, mantecados and Andalusian Christmas dulces",True,https://tablejourney.com/spain/seville/festivals/navidad-belenes-sevilla/
Libros al Gusto at FIL Guadalajara,Guadalajara,Mexico,2026-11-28,2026-12-06,November,True,yearly,,"Gastronomic literature: cookbooks, culinary talks and a kitchen-auditorium",True,https://tablejourney.com/mexico/guadalajara/festivals/libros-al-gusto-at-fil-guadalajara/
Mercado de Natal do Campo Pequeno,Lisbon,Portugal,2026-11-28,2026-12-08,November,False,yearly,Wine festivals; Cheese festivals,"Gourmet produce, Portuguese wine, cheese and cured meats",True,https://tablejourney.com/portugal/lisbon/festivals/mercado-de-natal-campo-pequeno/
Old Town Square Christmas Market,Prague,Czech Republic,2026-11-29,2027-01-06,November,True,yearly,Christmas markets; Wine festivals; Cheese festivals,Czech Christmas market food,True,https://tablejourney.com/czech-republic/prague/festivals/old-town-square-christmas-market/
Vilnius Christmas Market,Vilnius,Lithuania,2026-11-29,2026-12-28,November,True,yearly,Christmas markets; Wine festivals,Lithuanian Christmas,True,https://tablejourney.com/lithuania/vilnius/festivals/cathedral-christmas-market-vilnius/
Mercado de Natal do Porto,Porto,Portugal,2026-11-29,2026-12-30,November,False,yearly,Christmas markets; Wine festivals; Chocolate and dessert festivals,Portuguese Christmas food and drink,True,https://tablejourney.com/portugal/porto/festivals/mercado-de-natal-do-porto/
Bucharest Downtown Christmas Market,Bucharest,Romania,2026-11-29,2026-12-28,November,True,yearly,Christmas markets; Wine festivals,"Christmas market: cozonac, mulled wine, traditional stalls",True,https://tablejourney.com/romania/bucharest/festivals/bucharest-downtown-christmas-market/
Wenceslas Square Christmas Market,Prague,Czech Republic,2026-11-29,2027-01-06,November,True,yearly,Christmas markets,Czech Christmas market food,True,https://tablejourney.com/czech-republic/prague/festivals/wenceslas-square-christmas-market/
Fééries de Noël and Marché de Noël de Dijon,Dijon,France,2026-11-29,2027-01-04,November,True,yearly,Christmas markets; Wine festivals,"Mulled wine, gaufres, churros, Burgundy Christmas treats",True,https://tablejourney.com/france/dijon/festivals/feeries-de-noel-dijon/
Salón Vinos Naturales Madrid,Madrid,Spain,2026-11-29,2026-11-30,November,True,yearly,Wine festivals,"Natural wines from small growers, free tasting of more than 400 wines",False,https://tablejourney.com/spain/madrid/festivals/salon-vinos-naturales-madrid/
Festas de Natal e Fim do Ano,Funchal,Portugal,2026-12-01,2027-01-10,December,True,yearly,Christmas markets; Wine festivals,"Carne de vinha d'alhos, Christmas market and the New Year fireworks",True,https://tablejourney.com/portugal/funchal/festivals/festas-de-natal-e-fim-do-ano/
Tallinn Christmas Market,Tallinn,Estonia,2026-12-01,2027-01-05,December,True,yearly,Christmas markets,Estonian Christmas food,True,https://tablejourney.com/estonia/tallinn/festivals/tallinn-christmas-market/
Navidad y Belenes,Granada,Spain,2026-12-01,2027-01-06,December,True,yearly,,"Piononos, mantecados and Granadina Christmas sweets",True,https://tablejourney.com/spain/granada/festivals/navidad-granada-piononos/
Gifted at the RDS,Dublin,Ireland,2026-12-02,2026-12-06,December,True,yearly,,"Irish artisan food producers, Christmas Food Emporium",False,https://tablejourney.com/ireland/dublin/festivals/gifted-rds-christmas-fair/
Gentse Winterfeesten (Ghent Christmas Market),Ghent,Belgium,2026-12-03,2027-01-03,December,True,yearly,Christmas markets; Wine festivals,,,https://tablejourney.com/belgium/ghent/festivals/ghent-winter-market-food/
Good Food and Wine Show Christmas Edition Melbourne,Melbourne,Australia,2026-12-04,2026-12-06,December,True,yearly,Wine festivals,,,https://tablejourney.com/australia/melbourne/festivals/good-food-wine-show-melbourne-christmas/
Festival des Gourmandises,Bruges,Belgium,2026-12-04,2026-12-06,December,True,yearly,Christmas markets; Wine festivals; Cheese festivals,"Champagne, wine, cheese, charcuterie, terroir products",True,https://tablejourney.com/belgium/bruges/festivals/festival-des-gourmandises-bruges/
Winterlit Holiday Market,Santa Monica,United States,2026-12-04,2026-12-20,December,True,yearly,,Holiday market amid downtown dining,True,https://tablejourney.com/united-states/santa-monica/festivals/winterlit-holiday-market/
Tucson Tamal and Heritage Festival,Tucson,United States,2026-12-05,2026-12-05,December,True,yearly,Beer festivals,"Tamales, Sonoran heritage food, mariachi",True,https://tablejourney.com/united-states/tucson/festivals/tucson-tamal-festival/
MAINx24,Chattanooga,United States,2026-12-05,2026-12-05,December,True,yearly,Barbecue festivals,Street festival with chili cook-off,True,https://tablejourney.com/united-states/chattanooga/festivals/mainx24/
Norsk Folkemuseum Christmas Fair,Oslo,Norway,2026-12-05,2026-12-13,December,True,yearly,Christmas markets,"Traditional Norwegian Christmas food, lefse, julegrøt, gløgg, marzipan",False,https://tablejourney.com/norway/oslo/festivals/norsk-folkemuseum-christmas-fair-oslo/
Antwerp Christmas Market,Antwerp,Belgium,2026-12-05,2027-01-04,December,True,yearly,Christmas markets,"Glühwein, frites, speculoos, Belgian winter food",True,https://tablejourney.com/belgium/antwerp/festivals/antwerp-christmas-market-festival/
Franschhoek Cap Classique and Champagne Festival,Cape Town,South Africa,2026-12-05,2026-12-06,December,True,yearly,Wine festivals,Cap Classique and Champagne,False,https://tablejourney.com/south-africa/cape-town/festivals/franschhoek-cap-classique-and-champagne-festival/
Oh Bej Oh Bej,Milan,Italy,2026-12-05,2026-12-08,December,True,yearly,Wine festivals; Harvest festivals,"Panettone, torrone, roasted chestnuts (firunatt), mulled wine",True,https://tablejourney.com/italy/milan/festivals/oh-bej-oh-bej/
Fem el Vermut a Salou,Salou,Spain,2026-12-05,2026-12-21,December,True,yearly,,"Vermouth from the region with a festive tapa, served at midday",True,https://tablejourney.com/spain/salou/festivals/fem-el-vermut-a-salou/
San Antonio Tamales Festival,San Antonio,United States,2026-12-05,2026-12-06,December,True,yearly,,Tamales from local tamaleros,False,https://tablejourney.com/united-states/san-antonio/festivals/san-antonio-tamales-festival/
Sagardo Apurua (New Cider Festival),San Sebastián,Spain,2026-12-06,2026-12-09,December,True,yearly,,"Basque cider, sagardotegi tradition",True,https://tablejourney.com/spain/san-sebastian/festivals/sagardo-apurua/
Superzampone (Castelnuovo Rangone),Modena,Italy,2026-12-06,2026-12-06,December,True,yearly,,Zampone and cotechino,True,https://tablejourney.com/italy/modena/festivals/superzampone-castelnuovo-rangone/
Deliplein Winterplein,Rotterdam,Netherlands,2026-12-06,2026-12-21,December,False,yearly,Street food festivals,"Oliebollen, winter street food",True,https://tablejourney.com/netherlands/rotterdam/festivals/deliplein-winterplein/
Feria del Aguacate,Puebla,Mexico,2026-12-06,2026-12-06,December,True,yearly,,Avocado,True,https://tablejourney.com/mexico/puebla/festivals/feria-del-aguacate-san-pedro-benito-juarez/
Fierucola dell'Immacolata,Florence,Italy,2026-12-08,2026-12-08,December,True,yearly,Wine festivals,Tuscan organic smallholder produce,True,https://tablejourney.com/italy/florence/festivals/fierucola-dell-immacolata/
Bordeaux Tasting Grand Cru Classes,Bordeaux,France,2026-12-12,2026-12-13,December,True,yearly,,"Bordeaux Grand Cru and classed-growth tastings, masterclasses with chateaux winemakers",False,https://tablejourney.com/france/bordeaux/festivals/bordeaux-tasting-grand-cru-classes/
National Street Food Festival,Delhi,India,2026-12-12,2026-12-14,December,False,yearly,Street food festivals,Regional Indian street food from vendors in 27 states and union territories,,https://tablejourney.com/india/delhi/festivals/national-street-food-festival/
Kerstmarkt Rotterdamse Oogst,Rotterdam,Netherlands,2026-12-12,2026-12-19,December,False,yearly,Christmas markets; Harvest festivals; Cheese festivals,"Local produce, artisan bread, cheese, roasted chestnuts",True,https://tablejourney.com/netherlands/rotterdam/festivals/rotterdamse-oogst-kerstmarkt/
"Split Underground (Festival of Wine, Delicacies and Entertainment)",Split,Croatia,2026-12-12,2026-12-13,December,True,yearly,Wine festivals,"Regional wines, spirits, gourmet delicacies",False,https://tablejourney.com/croatia/split/festivals/split-underground/
Lucia (Lussekatter Saffron Bun Day),Stockholm,Sweden,2026-12-13,2026-12-13,December,True,yearly,Wine festivals,Saffron buns (lussekatter) and glögg,True,https://tablejourney.com/sweden/stockholm/festivals/lucia-bread/
WorldFood Istanbul,Istanbul,Turkey,2026-12-15,2026-12-18,December,True,yearly,,International food trade fair,False,https://tablejourney.com/turkey/istanbul/festivals/worldfood-istanbul/
Fiesta de la Virgen de la Soledad,Oaxaca,Mexico,2026-12-16,2026-12-18,December,True,yearly,,"Buñuelos with piloncillo, nieves oaxaqueñas, antojitos",True,https://tablejourney.com/mexico/oaxaca/festivals/fiesta-virgen-soledad/
Het Amsterdamse Winterparadijs,Amsterdam,Netherlands,2026-12-17,2027-01-02,December,False,yearly,Beer festivals; Ski-season food,"Apres-ski food halls, marshmallow fire pits and beer tables",False,https://tablejourney.com/netherlands/amsterdam/festivals/amsterdamse-winterparadijs/
International Istanbul Gastronomy Festival,Istanbul,Turkey,2026-12-17,2026-12-20,December,False,yearly,,Turkish and international chef competitions,False,https://tablejourney.com/turkey/istanbul/festivals/istanbul-gastronomy-festival/
Fira de Sant Tomas i Reis,Barcelona,Spain,2026-12-18,2027-01-06,December,False,yearly,,Xurros and Christmas sweets,True,https://tablejourney.com/spain/barcelona/festivals/fira-de-sant-tomas-i-reis/
De Rotterdamse Kerstmarkt,Rotterdam,Netherlands,2026-12-19,2026-12-23,December,False,yearly,Christmas markets,"Winter market food, Glühwein, Dutch snacks",True,https://tablejourney.com/netherlands/rotterdam/festivals/rotterdamse-kerstmarkt-oude-haven/
Denpasar Festival (Denfest),Bali,Indonesia,2026-12-20,2026-12-23,December,False,yearly,Street food festivals; Coffee and tea festivals,Heritage street food and coffee,,https://tablejourney.com/indonesia/bali/festivals/denpasar-festival/
Feria de Santo Tomas,Bilbao,Spain,2026-12-21,2026-12-21,December,True,yearly,,"Talo, txistorra, txakoli, farm market",True,https://tablejourney.com/spain/bilbao/festivals/san-tomas-bilbao/
Noche de Rabanos,Oaxaca,Mexico,2026-12-23,2026-12-23,December,True,yearly,Chocolate and dessert festivals,Radish carving plus pan de yema and chocolate,True,https://tablejourney.com/mexico/oaxaca/festivals/noche-de-rabanos/
Hong Kong Food Festival,Hong Kong,Hong Kong,2026-12-24,2026-12-28,December,True,yearly,,"Christmas food expo, local and international stalls",False,https://tablejourney.com/hong-kong/hong-kong/festivals/hong-kong-food-festival-winter/
Hatta Honey Festival,Dubai,United Arab Emirates,2026-12-27,2026-12-31,December,True,yearly,,Emirati sidr and samar honey,True,https://tablejourney.com/united-arab-emirates/dubai/festivals/hatta-honey-festival/
Wiener Silvesterpfad,Vienna,Austria,2026-12-31,2027-01-01,December,True,yearly,Street food festivals,"Punsch, Sekt, street food, Austrian classics",True,https://tablejourney.com/austria/vienna/festivals/wiener-silvesterpfad/
Kinsale Good Food Circle Events,Cork,Ireland,2027-01-01,2027-01-31,January,True,yearly,,,,https://tablejourney.com/ireland/cork/festivals/kinsale-good-food-circle-events/
SLO Restaurant Month,San Luis Obispo,United States,2027-01-01,2027-01-31,January,True,yearly,,Citywide dining deals,True,https://tablejourney.com/united-states/san-luis-obispo/festivals/slo-restaurant-month/
Mérida Fest,Mérida,Mexico,2027-01-05,2027-01-18,January,False,yearly,,Yucatecan plates and trova suppers,True,https://tablejourney.com/mexico/merida/festivals/merida-fest/
Festa della Befana di Malamocco,Venice,Italy,2027-01-06,2027-01-06,January,True,yearly,Chocolate and dessert festivals,"Vin brule, bagigi and sweets around the panevin bonfire",True,https://tablejourney.com/italy/venice/festivals/festa-della-befana-malamocco/
Charleston Restaurant Week,Charleston,United States,2027-01-08,2027-01-18,January,True,yearly,,Prix-fixe Lowcountry menus citywide,True,https://tablejourney.com/united-states/charleston/festivals/charleston-restaurant-week/
Kansas City Restaurant Week,Kansas City,United States,2027-01-08,2027-01-18,January,True,yearly,,"Restaurant promotion, all cuisines",True,https://tablejourney.com/united-states/kansas-city/festivals/kc-restaurant-week/
Oakland Little Saigon Tet Festival,Oakland,United States,2027-01-10,2027-01-10,January,True,yearly,Lunar New Year festivals,Vietnamese Tet food,True,https://tablejourney.com/united-states/oakland/festivals/oakland-little-saigon-tet-festival/
Pittsburgh Restaurant Week,Pittsburgh,United States,2027-01-11,2027-01-17,January,True,yearly,,Fixed-price restaurant menus,True,https://tablejourney.com/united-states/pittsburgh/festivals/pittsburgh-restaurant-week/
Sagardo Berriaren Eguna,San Sebastián,Spain,2027-01-14,2027-01-14,January,False,yearly,,"Basque txotx season opening, cider houses Astigarraga",False,https://tablejourney.com/spain/san-sebastian/festivals/sagardo-berriaren-eguna/
Internationale Gruene Woche,Berlin,Germany,2027-01-15,2027-01-24,January,True,yearly,,"Agriculture, food and horticulture, 100+ national pavilions",False,https://tablejourney.com/germany/berlin/festivals/internationale-gruene-woche/
Napa Truffle Festival,Napa,United States,2027-01-15,2027-01-18,January,True,yearly,Wine festivals; Harvest festivals,,,https://tablejourney.com/united-states/napa/festivals/napa-truffle-festival/
"Naoussa, the City of Wine (Xinomavro Festival)",Thessaloniki,Greece,2027-01-16,2027-01-18,January,False,yearly,Wine festivals,Xinomavro wine from Naoussa producers,,https://tablejourney.com/greece/thessaloniki/festivals/naoussa-wine-festival/
Sant Antoni,Palma,Spain,2027-01-16,2027-01-17,January,True,yearly,,Sobrassada and botifarró grilled over bonfires,True,https://tablejourney.com/spain/palma/festivals/sant-antoni-mallorca/
Beer & Cheese Fest,Madison,United States,2027-01-16,2027-01-16,January,False,yearly,Beer festivals; Cheese festivals,Wisconsin craft beer and Wisconsin cheese pairings,False,https://tablejourney.com/united-states/madison/festivals/isthmus-beer-and-cheese-festival/
Center City Restaurant Week,Philadelphia,United States,2027-01-18,2027-01-31,January,True,yearly,,Modern American,True,https://tablejourney.com/united-states/philadelphia/festivals/philadelphia-restaurant-week/
Sant Sebastià,Palma,Spain,2027-01-19,2027-01-21,January,True,yearly,Barbecue festivals,"Street barbecue, sobrassada and botifarró",True,https://tablejourney.com/spain/palma/festivals/sant-sebastia-palma/
Devour Indy Winterfest,Indianapolis,United States,2027-01-19,2027-02-01,January,False,yearly,,Citywide American,True,https://tablejourney.com/united-states/indianapolis/festivals/devour-indy-winterfest/
Metropolitan Washington Restaurant Week,Washington DC,United States,2027-01-19,2027-01-25,January,True,yearly,,City-wide fixed-price menus,True,https://tablejourney.com/united-states/washington-dc/festivals/dc-restaurant-week/
NYC Restaurant Week,New York City,United States,2027-01-20,2027-02-12,January,True,yearly,,Prix-fixe menus citywide,False,https://tablejourney.com/united-states/new-york-city/festivals/nyc-restaurant-week/
Tamborrada de Donostia,San Sebastián,Spain,2027-01-20,2027-01-20,January,False,yearly,,"City patron saint food traditions, cocinero pintxo specials",True,https://tablejourney.com/spain/san-sebastian/festivals/tamborrada/
Asheville Restaurant Week,Asheville,United States,2027-01-20,2027-01-26,January,True,yearly,,Prix-fixe menus across the city,True,https://tablejourney.com/united-states/asheville/festivals/asheville-restaurant-week/
Taipei Lunar New Year Goods Street (Dihua Street),Taipei,Taiwan,2027-01-20,2027-02-04,January,True,yearly,Lunar New Year festivals,"Dried goods, nuts, candied fruit, sausages, New Year snacks",True,https://tablejourney.com/taiwan/taipei/festivals/taipei-lunar-new-year-goods-street/
Dine Out Vancouver Festival,Vancouver,Canada,2027-01-21,2027-02-08,January,False,yearly,,Citywide restaurants prix fixe,True,https://tablejourney.com/canada/vancouver/festivals/dine-out-vancouver/
Boston Wine and Food Festival,Boston,United States,2027-01-22,2027-03-06,January,True,yearly,Wine festivals,"Wine, chef-led tastings, master classes",False,https://tablejourney.com/united-states/boston/festivals/boston-wine-and-food-festival/
Salon des Vins des Vignerons Indépendants de Rennes,Rennes,France,2027-01-22,2027-01-24,January,True,yearly,Wine festivals,"French estate wine, tasting and direct sales",False,https://tablejourney.com/france/rennes/festivals/salon-vignerons-independants-rennes/
Thaipusam,Penang,Malaysia,2027-01-22,2027-01-22,January,True,yearly,,"Milk offerings, roadside stalls and free meals",True,https://tablejourney.com/malaysia/penang/festivals/thaipusam-penang/
Thorrablot,Reykjavik,Iceland,2027-01-22,2027-02-20,January,False,yearly,,Traditional preserved Icelandic foods,True,https://tablejourney.com/iceland/reykjavik/festivals/thorrablot/
Chicago Restaurant Week,Chicago,United States,2027-01-22,2027-02-07,January,True,yearly,,Prix-fixe restaurant week,True,https://tablejourney.com/united-states/chicago/festivals/chicago-restaurant-week/
Wiener Eistraum am Rathausplatz,Vienna,Austria,2027-01-22,2027-03-07,January,False,yearly,,"Organic Austrian winter food and drink, vegetarian and vegan options",False,https://tablejourney.com/austria/vienna/festivals/wiener-eistraum/
Carnevale di Venezia,Venice,Italy,2027-01-23,2027-02-09,January,True,yearly,Chocolate and dessert festivals,Frittelle and galani pastries,True,https://tablejourney.com/italy/venice/festivals/carnevale-di-venezia/
Birraio dell'Anno,Florence,Italy,2027-01-23,2027-01-24,January,True,yearly,Beer festivals; Street food festivals,Italian craft beer,False,https://tablejourney.com/italy/florence/festivals/birraio-dell-anno/
Petaling Street Chinese New Year Market,Kuala Lumpur,Malaysia,2027-01-23,2027-02-05,January,True,yearly,Lunar New Year festivals,Chinese Malaysian,True,https://tablejourney.com/malaysia/kuala-lumpur/festivals/petaling-street-chinese-new-year-market/
Baltimore Restaurant Week,Baltimore,United States,2027-01-23,2027-02-01,January,True,yearly,,Prix-fixe dining citywide,True,https://tablejourney.com/united-states/baltimore/festivals/baltimore-restaurant-week/
Dine LA Restaurant Week,Santa Monica,United States,2027-01-23,2027-02-06,January,True,yearly,Seafood festivals; Barbecue festivals,Prix fixe menus at Santa Monica restaurants,True,https://tablejourney.com/united-states/santa-monica/festivals/dine-la-restaurant-week/
dineLA Restaurant Week,Los Angeles,United States,2027-01-23,2027-02-06,January,True,yearly,,Citywide prix-fixe,True,https://tablejourney.com/united-states/los-angeles/festivals/dinela-restaurant-week/
Expo Feria Valladolid,Cancún,Mexico,2027-01-23,2027-02-08,January,False,yearly,,"Yucatecan fair food: tamales on 2 February, chocolomo and antojitos in the food area",True,https://tablejourney.com/mexico/cancun/festivals/expo-feria-valladolid/
Portland Seafood and Wine Festival,Portland,United States,2027-01-24,2027-01-25,January,False,yearly,Beer festivals; Wine festivals; Seafood festivals,"Pacific Northwest seafood, Oregon wine and craft beer",False,https://tablejourney.com/united-states/portland/festivals/portland-seafood-and-wine-festival/
Burns Night Suppers (Edinburgh),Edinburgh,United Kingdom,2027-01-25,2027-01-25,January,False,yearly,,"Haggis, neeps and tatties with whisky",True,https://tablejourney.com/united-kingdom/edinburgh/festivals/burns-night-edinburgh/
Millésime Bio,Montpellier,France,2027-01-25,2027-01-27,January,True,yearly,Wine festivals,World organic wine trade fair,False,https://tablejourney.com/france/montpellier/festivals/millesime-bio/
Providence Restaurant Weeks (Winter),Providence,United States,2027-01-25,2027-02-07,January,True,yearly,,Citywide prix-fixe menus,True,https://tablejourney.com/united-states/providence/festivals/providence-restaurant-weeks-winter/
Madison Magazine Restaurant Week,Madison,United States,2027-01-25,2027-01-30,January,True,yearly,,Three-course prix-fixe menus across 70-plus restaurants,True,https://tablejourney.com/united-states/madison/festivals/madison-restaurant-week/
Vini Migranti,Florence,Italy,2027-01-25,2027-01-26,January,False,yearly,Wine festivals,Artisan and natural wine,False,https://tablejourney.com/italy/florence/festivals/vini-migranti/
World of Coffee Dubai,Dubai,United Arab Emirates,2027-01-26,2027-01-28,January,True,yearly,Coffee and tea festivals,Specialty coffee,False,https://tablejourney.com/united-arab-emirates/dubai/festivals/world-of-coffee-dubai/
Chinatown Chinese New Year Festive Fair,Singapore,Singapore,2027-01-27,2027-02-17,January,False,yearly,Lunar New Year festivals,Traditional festive snacks and seasonal treats,,https://tablejourney.com/singapore/singapore/festivals/chinese-new-year-food-market/
Key West Food & Wine Festival,Key West,United States,2027-01-27,2027-01-31,January,True,yearly,Wine festivals; Seafood festivals,Wine and island dining,False,https://tablejourney.com/united-states/key-west/festivals/key-west-food-and-wine-festival/
Hatta Farming Festival,Dubai,United Arab Emirates,2027-01-27,2027-02-01,January,True,yearly,,"Dubai winter produce, dates, mountain farming",True,https://tablejourney.com/united-arab-emirates/dubai/festivals/hatta-agricultural-festival/
Feria del Tamal,Mexico City,Mexico,2027-01-29,2027-02-02,January,False,yearly,,Tamales and atole,True,https://tablejourney.com/mexico/mexico-city/festivals/feria-del-tamal/
Gasparilla Pirate Festival,Tampa,United States,2027-01-30,2027-01-30,January,True,yearly,,Pirate parade and street festival; no food programme named by the organiser,True,https://tablejourney.com/united-states/tampa/festivals/gasparilla-pirate-festival/
Winterlicious,Toronto,Canada,2027-01-30,2027-02-12,January,False,yearly,,Toronto restaurants prix fixe,True,https://tablejourney.com/canada/toronto/festivals/winterlicious/
Taste of Soulard,St. Louis,United States,2027-01-30,2027-01-31,January,True,yearly,,Soulard restaurants,False,https://tablejourney.com/united-states/st-louis/festivals/taste-of-soulard/
ISM Cologne International Sweets and Snacks Fair,Cologne,Germany,2027-01-31,2027-02-03,January,True,yearly,,,,https://tablejourney.com/germany/cologne/festivals/ism-cologne/
Madrid Fusion Alimentos de Espana,Madrid,Spain,2027-02-01,2027-02-03,February,True,yearly,,"Spanish gastronomy, world chef gathering",False,https://tablejourney.com/spain/madrid/festivals/madrid-fusion/
Sommelier,Tel Aviv,Israel,2027-02-01,2027-02-02,February,True,yearly,Wine festivals,Wine,False,https://tablejourney.com/israel/tel-aviv/festivals/sommelier-tel-aviv/
La Poutine Week,Montreal,Canada,2027-02-01,2027-02-07,February,True,yearly,,Poutine,True,https://tablejourney.com/canada/montreal/festivals/la-poutine-week/
Amigos do Cafe,Braga,Portugal,2027-02-01,2027-02-07,February,False,yearly,Coffee and tea festivals,"Specialty coffee, breakfast and brunch",True,https://tablejourney.com/portugal/braga/festivals/amigos-do-cafe-braga/
Chandeleur and Navette blessing at Saint-Victor,Marseille,France,2027-02-02,2027-02-10,February,False,yearly,,"Navettes, the Marseillais orange-blossom biscuit",True,https://tablejourney.com/france/marseille/festivals/chandeleur-saint-victor/
Setsubun at Yoshida-jinja,Kyoto,Japan,2027-02-02,2027-02-04,February,False,yearly,,Festival street stalls (about 800 on 2 and 3 February),True,https://tablejourney.com/japan/kyoto/festivals/setsubun-yoshida-jinja/
BrisAsia Festival,Brisbane,Australia,2027-02-02,2027-02-11,February,True,yearly,Street food festivals,"Asian street food, dim sum, pop-ups",True,https://tablejourney.com/australia/brisbane/festivals/brisasia-festival/
Sydney Lunar Festival,Sydney,Australia,2027-02-03,2027-02-18,February,True,yearly,,Chinese and Southeast Asian,True,https://tablejourney.com/australia/sydney/festivals/sydney-lunar-festival/
Dublin Lunar New Year Festival,Dublin,Ireland,2027-02-03,2027-02-11,February,False,yearly,Lunar New Year festivals,"Chinese, Vietnamese and Korean food events",True,https://tablejourney.com/ireland/dublin/festivals/dublin-lunar-new-year-festival/
Sapporo Snow Festival,Sapporo,Japan,2027-02-04,2027-02-11,February,False,yearly,Beer festivals; Ski-season food,Hokkaido festival food,True,https://tablejourney.com/japan/sapporo/festivals/sapporo-snow-festival/
Tlusty Czwartek,Warsaw,Poland,2027-02-04,2027-02-04,February,True,yearly,Chocolate and dessert festivals,Paczki filled with marmolada,True,https://tablejourney.com/poland/warsaw/festivals/tlusty-czwartek/
Samba no Porto,Porto,Portugal,2027-02-04,2027-02-06,February,False,yearly,,Brazilian,False,https://tablejourney.com/portugal/porto/festivals/samba-no-porto-bolhao/
Bacanal del Gnoco (Venardi Gnocolar),Verona,Italy,2027-02-05,2027-02-05,February,True,yearly,,Gnocchi distribution at Piazza San Zeno,True,https://tablejourney.com/italy/verona/festivals/bacanal-del-gnoco/
Banh Chung Boiling Night,Hanoi,Vietnam,2027-02-05,2027-02-05,February,True,yearly,,Banh chung sticky-rice cakes,True,https://tablejourney.com/vietnam/hanoi/festivals/banh-chung-tet-village-tradition/
"Degustar Matosinhos, Edicao Marisco",Porto,Portugal,2027-02-05,2027-02-26,February,False,yearly,Seafood festivals,Shellfish and seafood,True,https://tablejourney.com/portugal/porto/festivals/degustar-matosinhos-marisco/
Tết Nguyên Đán Lunar New Year,Hanoi,Vietnam,2027-02-06,2027-02-11,February,True,yearly,Lunar New Year festivals,"Banh chung, mut tet candied fruits, Tet feast",True,https://tablejourney.com/vietnam/hanoi/festivals/tet-lunar-new-year-hanoi/
Dia Nacional del Pisco Sour,Lima,Peru,2027-02-06,2027-02-06,February,True,yearly,,Pisco sour cocktail,True,https://tablejourney.com/peru/lima/festivals/dia-nacional-del-pisco-sour/
Lunar New Year,Hong Kong,Hong Kong,2027-02-06,2027-02-20,February,True,yearly,Lunar New Year festivals,Cantonese New Year feasts and snacks,True,https://tablejourney.com/hong-kong/hong-kong/festivals/chinese-new-year-hong-kong/
Tet Nguyen Dan (Lunar New Year),Ho Chi Minh City,Vietnam,2027-02-06,2027-02-12,February,True,yearly,Lunar New Year festivals,"Banh chung and banh tet, thit kho, mut (candied fruit)",True,https://tablejourney.com/vietnam/ho-chi-minh-city/festivals/tet-nguyen-dan/
Chinese New Year,Penang,Malaysia,2027-02-06,2027-02-20,February,True,yearly,Lunar New Year festivals,Reunion dinners and yee sang,True,https://tablejourney.com/malaysia/penang/festivals/chinese-new-year-penang/
Lunar New Year in Chinatown,London,United Kingdom,2027-02-06,2027-02-07,February,True,yearly,Street food festivals; Lunar New Year festivals,"Chinese street food, dumplings, hot food stalls",True,https://tablejourney.com/united-kingdom/london/festivals/chinatown-lunar-new-year/
Pitti Taste,Florence,Italy,2027-02-06,2027-02-08,February,True,yearly,,"Italian fine food, small producers",False,https://tablejourney.com/italy/florence/festivals/pitti-taste/
Rotterdam Chinese New Year,Rotterdam,Netherlands,2027-02-06,2027-02-20,February,True,yearly,Street food festivals; Lunar New Year festivals,Chinese and Southeast Asian street food,True,https://tablejourney.com/netherlands/rotterdam/festivals/rotterdam-chinese-new-year/
Ditan Spring Festival Temple Fair,Beijing,China,2027-02-06,2027-02-12,February,True,yearly,Lunar New Year festivals,Spring Festival snacks and time-honoured brands,False,https://tablejourney.com/china/beijing/festivals/ditan-spring-festival-temple-fair/
Mangalica Festival,Budapest,Hungary,2027-02-06,2027-02-08,February,True,yearly,,"Mangalica pork, sausage, pálinka",True,https://tablejourney.com/hungary/budapest/festivals/mangalica-festival/
Taste of Dubai,Dubai,United Arab Emirates,2027-02-06,2027-02-08,February,True,yearly,,"Restaurant tasting dishes, celebrity chef workshops, artisan producers",False,https://tablejourney.com/united-arab-emirates/dubai/festivals/taste-of-dubai/
Ano Novo Chines em Arroios,Lisbon,Portugal,2027-02-06,2027-02-07,February,False,yearly,Lunar New Year festivals,"Chinese food stalls, tea, crafts fair",True,https://tablejourney.com/portugal/lisbon/festivals/ano-novo-chines-arroios/
Longtan Park Spring Festival Temple Fair,Beijing,China,2027-02-06,2027-02-12,February,True,yearly,Lunar New Year festivals,Spring Festival food stalls and folk snacks,False,https://tablejourney.com/china/beijing/festivals/longtan-park-spring-festival-temple-fair/
TapaFest,Benidorm,Spain,2027-02-06,2027-02-15,February,False,yearly,,Tapas at a single price,True,https://tablejourney.com/spain/benidorm/festivals/tapafest-benidorm-fest/
Lowcountry Oyster Festival,Charleston,United States,2027-02-07,2027-02-07,February,True,yearly,Seafood festivals,"Steamed oysters, Lowcountry food",False,https://tablejourney.com/united-states/charleston/festivals/lowcountry-oyster-festival/
San Cecilio Romeria,Granada,Spain,2027-02-07,2027-02-07,February,True,yearly,,Habas con jamon and salaillas (free),True,https://tablejourney.com/spain/granada/festivals/san-cecilio-granada/
Cincy Winter Beerfest,Cincinnati,United States,2027-02-07,2027-02-07,February,True,yearly,Beer festivals,Craft beer,False,https://tablejourney.com/united-states/cincinnati/festivals/cincy-winter-beerfest/
Ramadan Iftar,Marrakech,Morocco,2027-02-08,2027-03-09,February,True,yearly,,"Harira, dates, chebakia, family iftar tables",True,https://tablejourney.com/morocco/marrakech/festivals/ramadan-iftar-marrakech/
Ramadan Iftar Food Street,Mumbai,India,2027-02-08,2027-03-09,February,False,yearly,,"Iftar specials, biryani, kebabs, sheermal",True,https://tablejourney.com/india/mumbai/festivals/ramadan-iftar-mumbai/
Ramadan Nights in Old Delhi,Delhi,India,2027-02-08,2027-03-09,February,False,yearly,,"Iftar food: haleem, nihari with khameeri roti, seekh kebabs, shahi tukda, phirni",True,https://tablejourney.com/india/delhi/festivals/ramadan-nights-old-delhi/
Geylang Serai Hari Raya Bazaar,Singapore,Singapore,2027-02-08,2027-03-09,February,True,yearly,,,,https://tablejourney.com/singapore/singapore/festivals/geylang-serai-hari-raya-bazaar/
Curry Mile Iftars,Manchester,United Kingdom,2027-02-08,2027-03-09,February,True,yearly,Chocolate and dessert festivals,"Pakistani and Middle Eastern iftar buffets, falooda, knafeh",True,https://tablejourney.com/united-kingdom/manchester/festivals/ramadan-curry-mile-iftars/
Lakemba Ramadan Nights,Sydney,Australia,2027-02-09,2027-03-05,February,True,yearly,,Middle Eastern and South Asian,True,https://tablejourney.com/australia/sydney/festivals/lakemba-ramadan-nights/
Kampung Baru Ramadan Bazaar,Kuala Lumpur,Malaysia,2027-02-09,2027-03-09,February,True,yearly,,Malay,True,https://tablejourney.com/malaysia/kuala-lumpur/festivals/kampung-baru-ramadan-bazaar/
Ramadan Street Food Festival,Dubai,United Arab Emirates,2027-02-09,2027-03-07,February,True,yearly,Street food festivals,"South Asian, Levantine and Filipino street food",True,https://tablejourney.com/united-arab-emirates/dubai/festivals/ramadan-street-food-festival/
TTDI Ramadan Bazaar,Kuala Lumpur,Malaysia,2027-02-09,2027-03-09,February,True,yearly,,Malay,True,https://tablejourney.com/malaysia/kuala-lumpur/festivals/ttdi-ramadan-bazaar/
Lisbon Food Affair,Lisbon,Portugal,2027-02-09,2027-02-11,February,False,yearly,,"Trade fair, Portuguese producers and chefs",False,https://tablejourney.com/portugal/lisbon/festivals/lisbon-food-affair/
Pasar Ramadhan Kampung Jawa,Bali,Indonesia,2027-02-09,2027-03-06,February,True,yearly,,Ramadan takjil snacks and iftar dishes,,https://tablejourney.com/indonesia/bali/festivals/pasar-ramadhan-kampung-jawa/
Phuket Old Town Chinese New Year Festival,Phuket,Thailand,2027-02-11,2027-02-13,February,False,yearly,Street food festivals; Lunar New Year festivals,Phuket Hokkien and Peranakan street food,True,https://tablejourney.com/thailand/phuket/festivals/phuket-old-town-chinese-new-year-festival/
Hai Ramadan,Dubai,United Arab Emirates,2027-02-11,2027-03-06,February,True,yearly,,"Emirati iftar and suhoor, souq snacks",False,https://tablejourney.com/united-arab-emirates/dubai/festivals/hai-ramadan-expo-city/
Fat Thursday at Cukiernia Paradowski,Gdańsk,Poland,2027-02-12,2027-02-12,February,False,yearly,Chocolate and dessert festivals,Pączki (Polish doughnuts),True,https://tablejourney.com/poland/gdansk/festivals/fat-thursday-paradowski/
Florida Keys Seafood Festival,Key West,United States,2027-02-13,2027-02-14,February,True,yearly,Seafood festivals,Local seafood,False,https://tablejourney.com/united-states/key-west/festivals/florida-keys-seafood-festival/
CioccolaTo,Turin,Italy,2027-02-13,2027-02-17,February,False,yearly,Chocolate and dessert festivals,Chocolate,True,https://tablejourney.com/italy/turin/festivals/cioccolato-festival/
Fete du Citron Menton,Nice,France,2027-02-13,2027-02-28,February,False,yearly,,Menton lemons and Riviera citrus,False,https://tablejourney.com/france/nice/festivals/fete-du-citron-menton/
Dream Asia Food Fest,Las Vegas,United States,2027-02-13,2027-02-15,February,True,yearly,Street food festivals,"Pan-Asian street food, anime, K-pop performances",False,https://tablejourney.com/united-states/las-vegas/festivals/dream-asia-food-fest/
Salon des Vins des Vignerons Independants,Strasbourg,France,2027-02-13,2027-02-16,February,False,yearly,Wine festivals,French wine,False,https://tablejourney.com/france/strasbourg/festivals/salon-des-vins-vignerons-independants/
Pezinok Wine Cellars,Bratislava,Slovakia,2027-02-14,2027-02-14,February,False,yearly,Wine festivals,"Small Carpathian Slovak wine, cellar tastings",False,https://tablejourney.com/slovakia/bratislava/festivals/pezinok-wine-cellars/
Trifon Zarezan Wine Saint Day,Plovdiv,Bulgaria,2027-02-14,2027-02-14,February,False,yearly,Wine festivals,"Bulgarian wine, vineyard pruning rituals, festive bread",True,https://tablejourney.com/bulgaria/plovdiv/festivals/trifon-zarezan-plovdiv/
Portland Dumpling Week,Portland,United States,2027-02-15,2027-02-21,February,False,yearly,,Dumplings,True,https://tablejourney.com/united-states/portland/festivals/portland-dumpling-week/
Ruta del Cocido Madrileno,Madrid,Spain,2027-02-15,2027-03-31,February,True,yearly,,Cocido madrileno (chickpea and meat stew),True,https://tablejourney.com/spain/madrid/festivals/ruta-del-cocido-madrileno/
Bazar Syawal Lorong Tuanku Abdul Rahman,Kuala Lumpur,Malaysia,2027-02-16,2027-03-09,February,True,yearly,,Malay,True,https://tablejourney.com/malaysia/kuala-lumpur/festivals/bazar-syawal-lorong-tuanku-abdul-rahman/
Ramadan Festival on the Abu Dhabi Corniche,Abu Dhabi,United Arab Emirates,2027-02-17,2027-02-26,February,False,yearly,Street food festivals,"Food trucks, traditional Ramadan drinks, suhoor dishes, a Ramadan souq",True,https://tablejourney.com/united-arab-emirates/abu-dhabi/festivals/ramadan-festival-abu-dhabi-corniche/
Essencia do Vinho,Porto,Portugal,2027-02-18,2027-02-21,February,True,yearly,Wine festivals,Portuguese wine,False,https://tablejourney.com/portugal/porto/festivals/essencia-do-vinho-porto/
VINARIA International Wine Fair,Plovdiv,Bulgaria,2027-02-18,2027-02-22,February,False,yearly,Wine festivals,Bulgarian and international wine trade,False,https://tablejourney.com/bulgaria/plovdiv/festivals/vinaria-plovdiv/
"Natura, le salon bio",Nantes,France,2027-02-19,2027-02-21,February,True,yearly,,Organic food and drink producers,False,https://tablejourney.com/france/nantes/festivals/natura-le-salon-bio/
Fete de la Violette,Toulouse,France,2027-02-20,2027-02-21,February,True,yearly,Chocolate and dessert festivals,Toulouse violet candy and produce,True,https://tablejourney.com/france/toulouse/festivals/fete-de-la-violette/
SLO Craft Beer Fest,San Luis Obispo,United States,2027-02-20,2027-02-20,February,True,yearly,Beer festivals,Craft beer,False,https://tablejourney.com/united-states/san-luis-obispo/festivals/slo-craft-beer-fest/
Vancouver International Wine Festival,Vancouver,Canada,2027-02-21,2027-03-01,February,False,yearly,Wine festivals,International wine and food pairings,False,https://tablejourney.com/canada/vancouver/festivals/vancouver-international-wine-festival/
Devour Culinary Classic,Phoenix,United States,2027-02-21,2027-02-22,February,False,yearly,,"Arizona chefs, wineries and breweries",False,https://tablejourney.com/united-states/phoenix/festivals/devour-culinary-classic/
Lithuanian Coffee Festival with Dvaro,Vilnius,Lithuania,2027-02-21,2027-02-21,February,False,yearly,Coffee and tea festivals,Specialty coffee,False,https://tablejourney.com/lithuania/vilnius/festivals/lithuanian-coffee-festival/
SANA Food,Bologna,Italy,2027-02-21,2027-02-23,February,True,yearly,,"Out-of-home food service, organic and specialised products (trade fair)",False,https://tablejourney.com/italy/bologna/festivals/sana/
Salone del Vermouth,Turin,Italy,2027-02-21,2027-02-22,February,False,yearly,,Vermouth and aperitivo culture,False,https://tablejourney.com/italy/turin/festivals/salone-del-vermouth/
RI VegFest,Providence,United States,2027-02-21,2027-02-22,February,False,yearly,Vegan and vegetarian festivals,"Plant-based, vegan, vegetarian",False,https://tablejourney.com/united-states/providence/festivals/ri-vegfest/
Dine Out Boston,Boston,United States,2027-02-22,2027-03-07,February,False,yearly,,Boston-area restaurant prix fixe,True,https://tablejourney.com/united-states/boston/festivals/dine-out-boston/
Cincinnati Chili Week,Cincinnati,United States,2027-02-23,2027-03-01,February,False,yearly,,Cincinnati chili,True,https://tablejourney.com/united-states/cincinnati/festivals/cincinnati-chili-week/
World's Championship Bar-B-Que Contest,Houston,United States,2027-02-25,2027-02-27,February,True,yearly,Barbecue festivals,Texas barbecue,False,https://tablejourney.com/united-states/houston/festivals/worlds-championship-bar-b-que/
Fur Rondy (Anchorage Fur Rendezvous),Anchorage,United States,2027-02-25,2027-03-07,February,False,yearly,,"Reindeer, moose, winter festival food",True,https://tablejourney.com/united-states/anchorage/festivals/fur-rondy/
South Beach Wine and Food Festival,Miami,United States,2027-02-25,2027-02-28,February,False,yearly,Wine festivals,"Wine, food, celebrity chefs",False,https://tablejourney.com/united-states/miami/festivals/south-beach-wine-and-food-festival/
Food and Fun Festival,Reykjavik,Iceland,2027-02-25,2027-03-01,February,False,yearly,,Icelandic and international fine dining,False,https://tablejourney.com/iceland/reykjavik/festivals/food-and-fun-festival/
Auburn Iftar Fair,Sydney,Australia,2027-02-25,2027-02-26,February,True,yearly,,"Turkish, Persian and Middle Eastern",True,https://tablejourney.com/australia/sydney/festivals/auburn-iftar-fair/
eat! Berlin,Berlin,Germany,2027-02-25,2027-03-07,February,False,yearly,Wine festivals,"Gourmet and fine dining, 100+ top chefs at unusual Berlin venues",False,https://tablejourney.com/germany/berlin/festivals/eat-berlin-festival/
Starkbierfest am Nockherberg,Munich,Germany,2027-02-26,2027-03-21,February,False,yearly,Beer festivals,"Paulaner Salvator Doppelbock, Schweinshaxe",True,https://tablejourney.com/germany/munich/festivals/starkbierfest-nockherberg/
Salon International de l'Agriculture,Paris,France,2027-02-27,2027-03-07,February,True,yearly,Wine festivals; Cheese festivals,"French regional produce, cheese, charcuterie, wine",False,https://tablejourney.com/france/paris/festivals/salon-international-agriculture/
Simplesmente Vinho,Porto,Portugal,2027-02-27,2027-03-01,February,False,yearly,Wine festivals,Portuguese and Galician wine,False,https://tablejourney.com/portugal/porto/festivals/simplesmente-vinho-porto/
Jornadas de la Cuchara,Benidorm,Spain,2027-02-27,2027-03-08,February,False,yearly,Chocolate and dessert festivals,"Spoon dishes: stews, pulses and fish and meat pots",True,https://tablejourney.com/spain/benidorm/festivals/jornadas-de-la-cuchara/
"Beer, Bourbon & BBQ Festival",Atlanta,United States,2027-02-27,2027-02-27,February,True,yearly,Beer festivals; Barbecue festivals,"Barbecue (pulled pork, ribs, brisket, chicken, sausage) with craft beer and bourbon",False,https://tablejourney.com/united-states/atlanta/festivals/beer-bourbon-bbq-festival-atlanta/
Georgia Conservancy Oyster Roast,Savannah,United States,2027-02-28,2027-02-28,February,False,yearly,Beer festivals; Seafood festivals,"Oysters from Sapelo Sea Farms, Georgia beer",False,https://tablejourney.com/united-states/savannah/festivals/georgia-conservancy-oyster-roast/
South Side Soup Contest,Pittsburgh,United States,2027-02-28,2027-02-28,February,False,yearly,,Soup,False,https://tablejourney.com/united-states/pittsburgh/festivals/south-side-soup-contest/
Wine Show Thessaloniki,Thessaloniki,Greece,2027-03-01,2027-03-31,March,True,yearly,Wine festivals,,,https://tablejourney.com/greece/thessaloniki/festivals/wine-show-thessaloniki/
Annual Icelandic Beer Festival,Reykjavik,Iceland,2027-03-01,2027-03-04,March,False,yearly,Beer festivals,Icelandic craft beer,False,https://tablejourney.com/iceland/reykjavik/festivals/annual-icelandic-beer-festival/
Great Plates of Downtown Fort Collins,Fort Collins,United States,2027-03-01,2027-03-14,March,True,yearly,,Fixed-price menus across downtown restaurants,True,https://tablejourney.com/united-states/fort-collins/festivals/great-plates-of-downtown/
Mărțișor,Chișinău,Moldova,2027-03-01,2027-03-12,March,False,yearly,,"Spring market food, plăcinte, country picnics",True,https://tablejourney.com/moldova/chisinau/festivals/martisor/
Santa Fe Restaurant Week,Santa Fe,United States,2027-03-02,2027-03-11,March,True,yearly,,Multi-course prix-fixe across 40-plus restaurants,True,https://tablejourney.com/united-states/santa-fe/festivals/santa-fe-restaurant-week/
Charleston Wine + Food,Charleston,United States,2027-03-03,2027-03-07,March,True,yearly,Wine festivals,"Lowcountry, wine, chef events",False,https://tablejourney.com/united-states/charleston/festivals/charleston-wine-and-food/
Sant Medir,Barcelona,Spain,2027-03-03,2027-03-03,March,True,yearly,,Caramels and llaminadures,True,https://tablejourney.com/spain/barcelona/festivals/sant-medir/
RestaurantWeek Spring (Warsaw),Warsaw,Poland,2027-03-04,2027-04-22,March,False,yearly,,Tasting menus across Polish restaurants,False,https://tablejourney.com/poland/warsaw/festivals/restaurant-week-warsaw-spring/
Florida Strawberry Festival,Tampa,United States,2027-03-04,2027-03-14,March,True,yearly,,Strawberries and Southern fare,False,https://tablejourney.com/united-states/tampa/festivals/florida-strawberry-festival/
Moomba Festival Food Precinct,Melbourne,Australia,2027-03-04,2027-03-08,March,True,yearly,,,,https://tablejourney.com/australia/melbourne/festivals/moomba-festival-food-stalls/
Melbourne Food and Wine Festival,Melbourne,Australia,2027-03-05,2027-03-21,March,True,yearly,Wine festivals,,,https://tablejourney.com/australia/melbourne/festivals/melbourne-food-wine-festival/
Bockfest,Cincinnati,United States,2027-03-05,2027-03-07,March,True,yearly,Beer festivals,German bock beer and brewing heritage,True,https://tablejourney.com/united-states/cincinnati/festivals/bockfest/
Denver Restaurant Week,Denver,United States,2027-03-05,2027-03-14,March,True,yearly,,Multi-course prix fixe across Denver restaurants,True,https://tablejourney.com/united-states/denver/festivals/denver-restaurant-week/
Iditarod Ceremonial Start,Anchorage,United States,2027-03-06,2027-03-06,March,False,yearly,Street food festivals,"Race day street food, reindeer sausage carts",True,https://tablejourney.com/united-states/anchorage/festivals/iditarod-ceremonial-start/
"Busch Gardens Food, Wine and Garden Festival",Tampa,United States,2027-03-06,2027-03-07,March,False,yearly,Wine festivals,Global cuisine and wine,False,https://tablejourney.com/united-states/tampa/festivals/busch-gardens-food-wine-festival/
Minnesota Monthly Food & Wine Experience,Minneapolis,United States,2027-03-06,2027-03-06,March,False,yearly,Beer festivals; Wine festivals,"Wine, chefs, regional food",False,https://tablejourney.com/united-states/minneapolis/festivals/minnesota-monthly-food-wine-experience/
Cincinnati International Wine Festival,Cincinnati,United States,2027-03-06,2027-03-07,March,True,yearly,Wine festivals,International wine,False,https://tablejourney.com/united-states/cincinnati/festivals/cincinnati-international-wine-festival/
Capitol Beer Fest,Sacramento,United States,2027-03-07,2027-03-07,March,True,yearly,Beer festivals; Street food festivals,California craft beer and food trucks,False,https://tablejourney.com/united-states/sacramento/festivals/capitol-beer-fest/
Eid al-Fitr,Marrakech,Morocco,2027-03-09,2027-03-11,March,True,yearly,,"Family couscous, sellou almond paste, kaab el ghazal",True,https://tablejourney.com/morocco/marrakech/festivals/eid-al-fitr-marrakech/
Eid al-Fitr at Mohammed Ali Road,Mumbai,India,2027-03-09,2027-03-11,March,False,yearly,,"Biryani, sheermal, kebabs, sevaiyan",True,https://tablejourney.com/india/mumbai/festivals/eid-mohammed-ali-road/
Tallinn Restaurant Week (Spring),Tallinn,Estonia,2027-03-11,2027-03-22,March,True,yearly,,All-cuisine restaurant week,True,https://tablejourney.com/estonia/tallinn/festivals/tallinn-restaurant-week-spring/
Oakland Restaurant Week,Oakland,United States,2027-03-12,2027-03-22,March,True,yearly,,Oakland-wide dining specials,True,https://tablejourney.com/united-states/oakland/festivals/oakland-restaurant-week/
Altwiener Ostermarkt auf der Freyung,Vienna,Austria,2027-03-12,2027-03-29,March,False,yearly,Christmas markets,"Osterpinze, roast Easter lamb, Austrian craft food",True,https://tablejourney.com/austria/vienna/festivals/altwiener-ostermarkt-freyung/
CiokoFlo Chocolate Florence Experience,Florence,Italy,2027-03-12,2027-03-15,March,False,yearly,Harvest festivals; Chocolate and dessert festivals,Artisan chocolate,True,https://tablejourney.com/italy/florence/festivals/ciokoflo-chocolate-festival/
Sagra del Carciofo di Samassi,Cagliari,Italy,2027-03-12,2027-03-15,March,True,yearly,Street food festivals; Harvest festivals,Violet artichoke,True,https://tablejourney.com/italy/cagliari/festivals/sagra-del-carciofo-samassi/
Vino Dalmacije,Split,Croatia,2027-03-13,2027-03-14,March,False,yearly,Wine festivals,"Wine, Dalmatian gastronomy",False,https://tablejourney.com/croatia/split/festivals/vino-dalmacije/
JXN Food and Wine Festival,Jackson,United States,2027-03-13,2027-03-15,March,True,yearly,Wine festivals,Southern and contemporary American cuisine,False,https://tablejourney.com/united-states/jackson/festivals/jxn-food-and-wine-festival/
St Patrick's Festival,Dublin,Ireland,2027-03-13,2027-03-17,March,True,yearly,,Irish produce dinners around the national holiday,True,https://tablejourney.com/ireland/dublin/festivals/st-patricks-festival-dublin/
Pasifika Festival,Auckland,New Zealand,2027-03-14,2027-03-15,March,False,yearly,,Pacific Islander food across 11 island village zones,True,https://tablejourney.com/new-zealand/auckland/festivals/pasifika-festival/
Ueno Sakura Matsuri,Tokyo,Japan,2027-03-14,2027-04-05,March,False,yearly,,Hanami picnic foods and yatai street stalls,True,https://tablejourney.com/japan/tokyo/festivals/ueno-sakura-cherry-blossom/
Las Fallas,Valencia,Spain,2027-03-15,2027-03-19,March,False,yearly,,"Bunyols de carabassa, fartons, churros, street paella",True,https://tablejourney.com/spain/valencia/festivals/las-fallas/
London Cocktail Week,London,United Kingdom,2027-03-15,2027-03-15,March,True,yearly,,"Cocktails, bartender events and bar discounts",False,https://tablejourney.com/united-kingdom/london/festivals/london-cocktail-week/
Gulfood,Dubai,United Arab Emirates,2027-03-15,2027-03-19,March,True,yearly,,Global food and drink trade,False,https://tablejourney.com/united-arab-emirates/dubai/festivals/gulfood/
Savannah St. Patrick's Day Parade and Food,Savannah,United States,2027-03-16,2027-03-18,March,False,yearly,Beer festivals; Street food festivals,"Irish-American street food, green beer, Savannah pub food",True,https://tablejourney.com/united-states/savannah/festivals/savannah-st-patricks-day/
Oster- und Fruehlingsmarkt Schloss Schoenbrunn,Vienna,Austria,2027-03-17,2027-04-20,March,False,yearly,Chocolate and dessert festivals,"Kaerntner Kasnudeln, Backhendl, Kartoffelpuffer, Langos",True,https://tablejourney.com/austria/vienna/festivals/ostermarkt-schloss-schoenbrunn/
Polyfest,Auckland,New Zealand,2027-03-18,2027-03-21,March,False,yearly,,Pacific Islander food village alongside cultural performance,False,https://tablejourney.com/new-zealand/auckland/festivals/polyfest-manukau/
Taste Washington,Seattle,United States,2027-03-19,2027-03-22,March,False,yearly,Wine festivals,"Washington wine, food and chef showcases",False,https://tablejourney.com/united-states/seattle/festivals/taste-washington/
WINO - Targi Polskich Win i Winnic,Poznań,Poland,2027-03-19,2027-03-21,March,False,yearly,Wine festivals,"Polish wine, cider and mead",False,https://tablejourney.com/poland/poznan/festivals/targi-wino/
Festa di San Giuseppe,Palermo,Italy,2027-03-19,2027-03-19,March,False,yearly,Chocolate and dessert festivals,"Sfincia di San Giuseppe, frittelle di riso, pasta con le sarde",True,https://tablejourney.com/italy/palermo/festivals/san-giuseppe-sfincia/
Hamburger DOM Frühlingsdom,Hamburg,Germany,2027-03-19,2027-04-18,March,False,yearly,Chocolate and dessert festivals,"Fairground food: roasted almonds, candy floss, bratwurst, potato pancakes, waffles",True,https://tablejourney.com/germany/hamburg/festivals/hamburger-dom-spring/
Rebel Beer and Cider Fest,Oslo,Norway,2027-03-19,2027-03-20,March,True,yearly,Beer festivals; Street food festivals,"Norwegian craft beer, cider, food pairings",False,https://tablejourney.com/norway/oslo/festivals/rebel-beer-cider-fest-oslo/
Ston Oyster Festival (Day Trip),Split,Croatia,2027-03-19,2027-03-22,March,False,yearly,Wine festivals; Seafood festivals,"Adriatic oysters, Dalmatian wine, Ston salt",True,https://tablejourney.com/croatia/split/festivals/ston-oyster-festival-day-trip/
Vermont Maple Open House Weekend,Burlington,United States,2027-03-19,2027-03-20,March,True,yearly,,"Maple syrup, sugar on snow",True,https://tablejourney.com/united-states/burlington/festivals/vermont-maple-open-house/
e& Beach Canteen,Dubai,United Arab Emirates,2027-03-19,2027-04-05,March,True,yearly,Street food festivals,Street food and homegrown Dubai restaurant pop-ups,True,https://tablejourney.com/united-arab-emirates/dubai/festivals/e-and-beach-canteen/
Frühjahrsdippemess,Frankfurt,Germany,2027-03-19,2027-04-11,March,True,yearly,,Fairground food and traditional stoneware market roots,True,https://tablejourney.com/germany/frankfurt/festivals/fruehjahrsdippemess/
Oenorama,Athens,Greece,2027-03-20,2027-03-22,March,True,yearly,Wine festivals,"Greek wine tasting: about 2,500 wines from 250 exhibitors",False,https://tablejourney.com/greece/athens/festivals/oenorama/
Alimentaria,Barcelona,Spain,2027-03-20,2027-03-23,March,True,yearly,,Mediterranean food trade,False,https://tablejourney.com/spain/barcelona/festivals/alimentaria-bcn/
Jarmark Wielkanocny w NIKiDW,Warsaw,Poland,2027-03-20,2027-03-20,March,False,yearly,,"Zur, village bread, cheeses and cured meats",True,https://tablejourney.com/poland/warsaw/festivals/jarmark-wielkanocny-nikidw/
Expo Manger Sante et Vivre Vert,Montreal,Canada,2027-03-20,2027-03-22,March,True,yearly,,Healthy and plant-based food,False,https://tablejourney.com/canada/montreal/festivals/expo-manger-sante/
Auckland Food Expo,Auckland,New Zealand,2027-03-20,2027-03-21,March,False,yearly,,"Artisan food and drink producers, tastings, cooking demonstrations, workshops",False,https://tablejourney.com/new-zealand/auckland/festivals/auckland-food-expo/
Lisbon Coffee Fest,Lisbon,Portugal,2027-03-21,2027-03-23,March,False,yearly,Beer festivals; Coffee and tea festivals,"Specialty coffee, roasters, baristas",False,https://tablejourney.com/portugal/lisbon/festivals/lisbon-coffee-fest/
Bull City Food & Beer Experience,Durham,United States,2027-03-22,2027-03-22,March,False,yearly,Beer festivals,Food and beer pairing,False,https://tablejourney.com/united-states/durham/festivals/bull-city-food-beer-experience/
Dallas Soul Food Festival,Dallas,United States,2027-03-22,2027-03-22,March,False,yearly,Barbecue festivals,,,https://tablejourney.com/united-states/dallas/festivals/dallas-soul-food-festival/
Treefort Music Fest -- Foodfort,Boise,United States,2027-03-25,2027-03-25,March,True,yearly,,Multi-cuisine,False,https://tablejourney.com/united-states/boise/festivals/treefort-foodfort-boise/
Fiera del Capodanno Fiorentino,Florence,Italy,2027-03-25,2027-03-25,March,True,yearly,,"Tuscan typical products, brigidini, sweets",True,https://tablejourney.com/italy/florence/festivals/fiera-del-capodanno-fiorentino/
Big Ears Festival,Knoxville,United States,2027-03-26,2027-03-29,March,False,yearly,,Arts festival with food vendors,False,https://tablejourney.com/united-states/knoxville/festivals/big-ears-festival/
Bruges Spring Market (Easter),Bruges,Belgium,2027-03-26,2027-03-29,March,True,yearly,Chocolate and dessert festivals,"Belgian chocolate, waffles, regional cheeses, spring market food",True,https://tablejourney.com/belgium/bruges/festivals/bruges-spring-market-easter/
Seven Seas Food Festival,San Antonio,United States,2027-03-26,2027-05-17,March,False,yearly,Street food festivals; Seafood festivals,Global street food and coastal dishes,False,https://tablejourney.com/united-states/san-antonio/festivals/seven-seas-food-festival/
Great Vegas Festival of Beer,Las Vegas,United States,2027-03-27,2027-03-27,March,True,yearly,Beer festivals; Street food festivals,Craft beer with food trucks and mixologists,False,https://tablejourney.com/united-states/las-vegas/festivals/great-vegas-festival-of-beer/
International Cuban Sandwich Festival,Tampa,United States,2027-03-28,2027-03-28,March,True,yearly,,Cuban sandwich,False,https://tablejourney.com/united-states/tampa/festivals/cuban-sandwich-festival/
Scoppio del Carro,Florence,Italy,2027-03-28,2027-03-28,March,True,yearly,Harvest festivals,Florentine Easter tradition,True,https://tablejourney.com/italy/florence/festivals/scoppio-del-carro/
LampredOrto,Florence,Italy,2027-03-28,2027-03-28,March,False,yearly,,Lampredotto and tripe,True,https://tablejourney.com/italy/florence/festivals/lampredorto/
The San Antonio Margarita Festival,San Antonio,United States,2027-03-28,2027-03-28,March,False,yearly,,Margaritas from local bars and restaurants,False,https://tablejourney.com/united-states/san-antonio/festivals/san-antonio-margarita-festival/
Dyngus Day Buffalo,Buffalo,United States,2027-03-29,2027-03-29,March,True,yearly,,Polish-American food,True,https://tablejourney.com/united-states/buffalo/festivals/dyngus-day-buffalo/
Feria del Tejate,Oaxaca,Mexico,2027-03-29,2027-03-29,March,False,yearly,,"Tejate, nicuatole, pan",True,https://tablejourney.com/mexico/oaxaca/festivals/feria-del-tejate/
Festin des Cougourdons,Nice,France,2027-03-29,2027-03-29,March,False,yearly,,Cougourdon gourds and Nicois Easter treats,True,https://tablejourney.com/france/nice/festivals/festin-des-cougourdons/
Fort Worth Food + Wine Festival,Fort Worth,United States,2027-04-01,2027-04-04,April,True,yearly,Wine festivals,,,https://tablejourney.com/united-states/fort-worth/festivals/fort-worth-food-wine-festival/
Užupis Republic Day,Vilnius,Lithuania,2027-04-01,2027-04-01,April,False,yearly,,Lithuanian bar food,True,https://tablejourney.com/lithuania/vilnius/festivals/uzupis-republic-day/
Festival Cultural de Tequila,Guadalajara,Mexico,2027-04-01,2027-04-30,April,False,yearly,,Tequila and Jalisco regional,False,https://tablejourney.com/mexico/guadalajara/festivals/festival-cultural-tequila/
World FoodFest at Singapore EXPO,Singapore,Singapore,2027-04-01,2027-04-30,April,True,yearly,,,,https://tablejourney.com/singapore/singapore/festivals/world-foodfest-singapore-expo/
Foire de Nantes,Nantes,France,2027-04-01,2027-04-05,April,False,yearly,Beer festivals; Wine festivals; Cheese festivals,"Regional gastronomy, wine and craft beer",False,https://tablejourney.com/france/nantes/festivals/foire-de-nantes/
Istanbul Tulip Festival (food-friendly),Istanbul,Turkey,2027-04-01,2027-04-30,April,False,yearly,,Turkish breakfast pop-ups,True,https://tablejourney.com/turkey/istanbul/festivals/istanbul-tulip-festival/
T.O. Food and Drink Fest,Toronto,Canada,2027-04-02,2027-04-04,April,False,yearly,Wine festivals,Food and beverage trade festival,False,https://tablejourney.com/canada/toronto/festivals/to-food-and-drink-fest/
Ruokamessut Helsinki (Food Fair),Helsinki,Finland,2027-04-02,2027-04-04,April,True,yearly,Wine festivals,"Food, drink, wine and kitchen products from producers and brands",False,https://tablejourney.com/finland/helsinki/festivals/ruokamessut-helsinki/
Peixe em Lisboa,Lisbon,Portugal,2027-04-04,2027-04-14,April,False,yearly,Wine festivals; Seafood festivals,"Fish, seafood, chef demos, wine pairings",False,https://tablejourney.com/portugal/lisbon/festivals/peixe-em-lisboa/
Tampa Bay Wine and Food Festival,Tampa,United States,2027-04-07,2027-04-11,April,False,yearly,Wine festivals,Wine and food,False,https://tablejourney.com/united-states/tampa/festivals/tampa-bay-wine-and-food-festival/
French Quarter Festival,New Orleans,United States,2027-04-08,2027-04-11,April,True,yearly,,Louisiana food on Quarter stages,True,https://tablejourney.com/united-states/new-orleans/festivals/french-quarter-festival/
Three Rivers Beer Week,Pittsburgh,United States,2027-04-08,2027-04-12,April,False,yearly,Beer festivals,Craft beer,True,https://tablejourney.com/united-states/pittsburgh/festivals/three-rivers-beer-week/
Agave Heritage Festival,Tucson,United States,2027-04-09,2027-04-12,April,False,yearly,,"Agave spirits, mezcal, tequila, borderlands",False,https://tablejourney.com/united-states/tucson/festivals/agave-heritage-festival/
Kidumart Breadfest,Beijing,China,2027-04-09,2027-04-12,April,False,yearly,,Bread and baked goods,False,https://tablejourney.com/china/beijing/festivals/kidumart-breadfest/
Gangaur Festival,Jaipur,India,2027-04-09,2027-04-10,April,False,yearly,,"Ghewar topped with rabri, such as Sambhar Fini Wala's, which a Condé Nast Traveller India contributor serves guests during the Gangaur processions",True,https://tablejourney.com/india/jaipur/festivals/jaipur-gangaur-festival/
Nashville Predators Wine Festival and Tasting,Nashville,United States,2027-04-09,2027-04-09,April,False,yearly,Wine festivals,Wine tasting fundraiser,False,https://tablejourney.com/united-states/nashville/festivals/predators-wine-festival/
Comida di Buteco Rio,Rio de Janeiro,Brazil,2027-04-10,2027-05-10,April,True,yearly,,Brazilian,True,https://tablejourney.com/brazil/rio-de-janeiro/festivals/comida-di-buteco-rio/
Vinitaly and the City,Verona,Italy,2027-04-10,2027-04-12,April,False,yearly,Wine festivals,Italian wine for the public,False,https://tablejourney.com/italy/verona/festivals/vinitaly-and-the-city/
Barcelona Beer Festival,Barcelona,Spain,2027-04-10,2027-04-12,April,False,yearly,Beer festivals,Craft beer and food pairings,False,https://tablejourney.com/spain/barcelona/festivals/barcelona-beer-festival/
Salon Saveurs des Plaisirs Gourmands,Paris,France,2027-04-10,2027-04-12,April,False,yearly,Wine festivals; Chocolate and dessert festivals; Cheese festivals,"Regional French specialities, charcuterie, cheese, wine, foie gras, chocolate",False,https://tablejourney.com/france/paris/festivals/salon-saveurs-des-plaisirs-gourmands/
Cyclovia Tucson Spring,Tucson,United States,2027-04-11,2027-04-11,April,False,yearly,Street food festivals,"Food trucks, Sonoran hot dogs, local vendors",True,https://tablejourney.com/united-states/tucson/festivals/cyclovia-tucson-spring/
Capital City Public Market Opening Day,Boise,United States,2027-04-11,2027-04-11,April,True,yearly,,Multi-cuisine,True,https://tablejourney.com/united-states/boise/festivals/capital-city-market-opening-day-boise/
Houston Barbecue Festival,Houston,United States,2027-04-11,2027-04-11,April,True,yearly,Barbecue festivals,Texas barbecue,False,https://tablejourney.com/united-states/houston/festivals/houston-barbecue-festival/
Taste of Hillcrest,San Diego,United States,2027-04-11,2027-04-11,April,False,yearly,,"Neighbourhood eats, bakeries, taquerias and bars",False,https://tablejourney.com/united-states/san-diego/festivals/taste-of-hillcrest/
Festa Italiana Birmingham,Birmingham,United States,2027-04-11,2027-04-11,April,True,yearly,Chocolate and dessert festivals,Italian-American,False,https://tablejourney.com/united-states/birmingham-al/festivals/festa-italiana-birmingham/
Baltimore Street Food Festival,Baltimore,United States,2027-04-11,2027-04-12,April,False,yearly,Street food festivals,Street food,False,https://tablejourney.com/united-states/baltimore/festivals/baltimore-street-food-festival/
Vinitaly,Verona,Italy,2027-04-12,2027-04-15,April,False,yearly,Wine festivals,Italian wine,False,https://tablejourney.com/italy/verona/festivals/vinitaly-2026/
Greenville Craft Beer Week,Greenville,United States,2027-04-12,2027-04-19,April,False,yearly,Beer festivals,South Carolina craft beer and brewery dinners,False,https://tablejourney.com/united-states/greenville/festivals/greenville-craft-beer-week/
Sazón Latin Food Festival,San Antonio,United States,2027-04-12,2027-04-12,April,False,yearly,,Latin American food and music,False,https://tablejourney.com/united-states/san-antonio/festivals/sazon-latin-food-festival/
Songkran,Chiang Mai,Thailand,2027-04-13,2027-04-15,April,True,yearly,,Northern Thai festival food,True,https://tablejourney.com/thailand/chiang-mai/festivals/songkran-chiang-mai/
Songkran Food Festival,Bangkok,Thailand,2027-04-13,2027-04-15,April,True,yearly,Street food festivals; Chocolate and dessert festivals,Thai street food and seasonal dishes,True,https://tablejourney.com/thailand/bangkok/festivals/songkran-bangkok-food/
Spring Riga Restaurant Week (Riga Taste Festival),Riga,Latvia,2027-04-13,2027-04-26,April,True,yearly,,Three-course menus citywide,True,https://tablejourney.com/latvia/riga/festivals/riga-restaurant-week-spring/
Taste of Mississippi,Jackson,United States,2027-04-13,2027-04-13,April,True,yearly,Chocolate and dessert festivals,Mississippi restaurant tasting event,False,https://tablejourney.com/united-states/jackson/festivals/taste-of-mississippi/
Firenze Gelato Week,Florence,Italy,2027-04-14,2027-04-19,April,False,yearly,Chocolate and dessert festivals,"Artisan gelato, one limited edition flavour per gelateria",False,https://tablejourney.com/italy/florence/festivals/firenze-gelato-week/
Roma Gelato Week,Rome,Italy,2027-04-14,2027-04-19,April,False,yearly,Chocolate and dessert festivals,Artisan gelato tasting trail across 18 gelaterie,False,https://tablejourney.com/italy/rome/festivals/roma-gelato-week/
Seoul Coffee Festival,Seoul,South Korea,2027-04-15,2027-04-18,April,False,yearly,Coffee and tea festivals,"Specialty coffee, roasting, brewing",False,https://tablejourney.com/south-korea/seoul/festivals/seoul-coffee-festival/
Fiesta San Antonio,San Antonio,United States,2027-04-16,2027-04-26,April,False,yearly,,Tex-Mex food booths and anticuchos citywide,False,https://tablejourney.com/united-states/san-antonio/festivals/fiesta-san-antonio/
Florence Cocktail Week,Florence,Italy,2027-04-16,2027-04-22,April,False,yearly,,"Italian mixology, bartender showcases, cocktail bar takeovers",False,https://tablejourney.com/italy/florence/festivals/florence-cocktail-week/
Africa in April Cultural Awareness Festival,Memphis,United States,2027-04-16,2027-04-18,April,True,yearly,,African and Black diaspora,True,https://tablejourney.com/united-states/memphis/festivals/africa-in-april/
En Ol och Whiskymassa (Gothenburg Beer and Whisky Fair),Gothenburg,Sweden,2027-04-17,2027-04-17,April,True,yearly,Beer festivals,,,https://tablejourney.com/sweden/gothenburg/festivals/goteborg-beer-whisky-fair/
St Elias Lebanese Food and Cultural Festival,Birmingham,United States,2027-04-17,2027-04-18,April,False,yearly,,Lebanese,True,https://tablejourney.com/united-states/birmingham-al/festivals/lebanese-food-cultural-festival/
Salon of Beer Bratislava,Bratislava,Slovakia,2027-04-17,2027-04-18,April,False,yearly,Beer festivals; Street food festivals,"Craft beer, street food",False,https://tablejourney.com/slovakia/bratislava/festivals/salon-of-beer/
Münchner Frühlingsfest,Munich,Germany,2027-04-17,2027-05-10,April,False,yearly,Beer festivals,"Bavarian beer, fairground food",True,https://tablejourney.com/germany/munich/festivals/fruehlingsfest/
Albuquerque Restaurant Week,Albuquerque,United States,2027-04-17,2027-04-26,April,True,yearly,,Prix fixe city wide,True,https://tablejourney.com/united-states/albuquerque/festivals/abq-restaurant-week/
Sake Festival Japan,Tokyo,Japan,2027-04-17,2027-04-19,April,False,yearly,,Sake from breweries across Japan,False,https://tablejourney.com/japan/tokyo/festivals/sake-festival-japan-ueno/
Vinski podrum (Wine and Delicacies Festival),Split,Croatia,2027-04-17,2027-04-18,April,True,yearly,Wine festivals; Harvest festivals; Cheese festivals,"Croatian wine, cheese, cured meats, olive oil",False,https://tablejourney.com/croatia/split/festivals/vinski-podrum-split/
Fiesta Oyster Bake,San Antonio,United States,2027-04-17,2027-04-18,April,False,yearly,Seafood festivals,Gulf oysters and Fiesta food booths,False,https://tablejourney.com/united-states/san-antonio/festivals/fiesta-oyster-bake/
Jornadas del Atún,Benidorm,Spain,2027-04-17,2027-04-26,April,False,yearly,,Bluefin tuna from the almadraba,True,https://tablejourney.com/spain/benidorm/festivals/jornadas-del-atun/
Helsinki Coffee Festival and Chocolate Carnival,Helsinki,Finland,2027-04-17,2027-04-19,April,False,yearly,Chocolate and dessert festivals; Coffee and tea festivals,"Specialty coffee, ice cream and chocolate",False,https://tablejourney.com/finland/helsinki/festivals/helsinki-coffee-festival/
FoodieLand Food Festival,Dallas,United States,2027-04-17,2027-04-19,April,False,yearly,Street food festivals,Global street food and fair food from 200-plus vendors,,https://tablejourney.com/united-states/dallas/festivals/foodieland-food-festival/
Rossini Festival International Street Fair,Knoxville,United States,2027-04-18,2027-04-19,April,True,yearly,Street food festivals,Italian-American street food,True,https://tablejourney.com/united-states/knoxville/festivals/rossini-festival/
Glasgow Coffee Festival,Glasgow,United Kingdom,2027-04-18,2027-04-19,April,True,yearly,Coffee and tea festivals,Coffee,False,https://tablejourney.com/united-kingdom/glasgow/festivals/glasgow-coffee-festival/
Syndicate Smokedown BBQ and Music Festival,Fort Worth,United States,2027-04-18,2027-04-18,April,False,yearly,Barbecue festivals,,,https://tablejourney.com/united-states/fort-worth/festivals/syndicate-smokedown-bbq-festival/
La Ola Festival Vegano,Mexico City,Mexico,2027-04-18,2027-04-19,April,False,yearly,Vegan and vegetarian festivals,Plant-based Mexican,False,https://tablejourney.com/mexico/mexico-city/festivals/la-ola-festival-vegano/
Sechselaeuten,Zurich,Switzerland,2027-04-19,2027-04-19,April,True,yearly,,Regional specialties of the guest canton at the Square of the Cantons on the Lindenhof,True,https://tablejourney.com/switzerland/zurich/festivals/sechselaeuten/
Durham Food Truck Rodeo,Durham,United States,2027-04-19,2027-04-19,April,False,yearly,Beer festivals; Street food festivals,Food trucks and craft beer,True,https://tablejourney.com/united-states/durham/festivals/durham-food-truck-rodeo/
Manayunk StrEAT Food Festival,Philadelphia,United States,2027-04-19,2027-04-19,April,False,yearly,Street food festivals,American street food,True,https://tablejourney.com/united-states/philadelphia/festivals/manayunk-streat-food-festival/
Masters of Taste (Rose Bowl),Los Angeles,United States,2027-04-19,2027-04-19,April,True,yearly,Wine festivals; Chocolate and dessert festivals,"Tasting menu from 100 LA restaurants, cocktails, wine",False,https://tablejourney.com/united-states/los-angeles/festivals/masters-of-taste/
Rotterdam Craft Beer Festival,Rotterdam,Netherlands,2027-04-20,2027-04-20,April,True,yearly,Beer festivals; Cheese festivals,,,https://tablejourney.com/netherlands/rotterdam/festivals/craft-beer-festival-rotterdam/
Feria de Abril,Seville,Spain,2027-04-21,2027-04-26,April,False,yearly,,"Andalusian feria food, pescaito frito, sherry and rebujito",True,https://tablejourney.com/spain/seville/festivals/feria-de-abril/
San Gennaro Feast (Spring),Las Vegas,United States,2027-04-22,2027-04-26,April,False,yearly,,"Italian-American festival food, sausage and peppers, cannoli",True,https://tablejourney.com/united-states/las-vegas/festivals/san-gennaro-feast-spring/
Cata del Vino Montilla-Moriles,Córdoba,Spain,2027-04-23,2027-04-26,April,True,yearly,Wine festivals,Wine,True,https://tablejourney.com/spain/cordoba/festivals/cata-del-vino-montilla-moriles/
Brewgaloo,Raleigh,United States,2027-04-23,2027-04-24,April,True,yearly,Beer festivals; Street food festivals,NC craft beer and food trucks,True,https://tablejourney.com/united-states/raleigh/festivals/brewgaloo/
Dia de São Jorge,Rio de Janeiro,Brazil,2027-04-23,2027-04-23,April,True,yearly,,Brazilian,True,https://tablejourney.com/brazil/rio-de-janeiro/festivals/dia-de-sao-jorge/
Vietnam Banh Mi Festival,Ho Chi Minh City,Vietnam,2027-04-23,2027-04-23,April,True,yearly,Coffee and tea festivals,Banh mi,True,https://tablejourney.com/vietnam/ho-chi-minh-city/festivals/banh-mi-festival/
Dublin Coffee Festival,Dublin,Ireland,2027-04-23,2027-04-25,April,False,yearly,Coffee and tea festivals,"Specialty coffee, brewing competitions, latte art",False,https://tablejourney.com/ireland/dublin/festivals/dublin-coffee-festival/
Grüne Soße Festival,Frankfurt,Germany,2027-04-24,2027-05-01,April,True,yearly,,Grüne Soße,False,https://tablejourney.com/germany/frankfurt/festivals/gruene-sosse-festival/
Jornades Gastronòmiques de l'Arròs,Salou,Spain,2027-04-24,2027-05-24,April,True,yearly,,"Rice: set menus and tastings built on Bayo rice, with paired local wines",True,https://tablejourney.com/spain/salou/festivals/jornades-gastronomiques-de-l-arros-salou/
Music City Food and Wine Festival,Nashville,United States,2027-04-24,2027-04-26,April,False,yearly,Wine festivals,"Wine, spirits and chef tastings",False,https://tablejourney.com/united-states/nashville/festivals/music-city-food-and-wine/
Waikiki Spam Jam,Honolulu,United States,2027-04-24,2027-04-24,April,True,yearly,,Spam-themed dishes from Waikiki restaurants,True,https://tablejourney.com/united-states/honolulu/festivals/waikiki-spam-jam/
Lyon Biere Festival,Lyon,France,2027-04-24,2027-04-25,April,False,yearly,Beer festivals; Street food festivals,Craft beer from France and Europe (100 breweries),False,https://tablejourney.com/france/lyon/festivals/lyon-biere-festival/
Gijang Anchovy Festival,Busan,South Korea,2027-04-24,2027-04-26,April,True,yearly,,Anchovy,True,https://tablejourney.com/south-korea/busan/festivals/gijang-anchovy-festival/
Pick n Pay Wine and Food Festival Cape Town,Cape Town,South Africa,2027-04-24,2027-04-25,April,True,yearly,Wine festivals,South African wine,False,https://tablejourney.com/south-africa/cape-town/festivals/pick-n-pay-wine-and-food-festival-cape-town/
Targ Sniadaniowy,Warsaw,Poland,2027-04-24,2027-04-25,April,True,yearly,Street food festivals,Breakfasts and street food from small local makers,True,https://tablejourney.com/poland/warsaw/festivals/targ-sniadaniowy/
Lone Star Smokeout,Dallas,United States,2027-04-24,2027-04-26,April,False,yearly,Barbecue festivals,"Texas barbecue from more than a dozen visiting pitmaster teams, with country music",False,https://tablejourney.com/united-states/dallas/festivals/lone-star-smokeout/
Sacramento Beer Week,Sacramento,United States,2027-04-24,2027-05-03,April,True,yearly,Beer festivals,"Craft beer, tap takeovers, beer dinners",True,https://tablejourney.com/united-states/sacramento/festivals/sacramento-beer-week/
Brugse Meifoor (May Fair),Bruges,Belgium,2027-04-24,2027-05-17,April,True,yearly,Seafood festivals,"Fairground food: oliebollen, waffles, frites, seafood",True,https://tablejourney.com/belgium/bruges/festivals/brugse-meifoor/
Beer Geek Madness,Wrocław,Poland,2027-04-25,2027-04-26,April,False,yearly,Beer festivals,Polish and international craft beer,False,https://tablejourney.com/poland/wroclaw/festivals/beer-geek-madness/
Festa di San Marco,Venice,Italy,2027-04-25,2027-04-25,April,True,yearly,,"Risi e bisi, baccala mantecato, sarde in saor, fritoe",True,https://tablejourney.com/italy/venice/festivals/festa-di-san-marco/
Asian Food Fest,Cincinnati,United States,2027-04-25,2027-04-26,April,True,yearly,Street food festivals,Pan-Asian street food,True,https://tablejourney.com/united-states/cincinnati/festivals/asian-food-fest/
Nikkei Matsuri Festival,San Jose,United States,2027-04-25,2027-04-25,April,True,yearly,,"Japanese American (imagawayaki, gyoza, yakitori, shave ice, poke, chicken katsu)",True,https://tablejourney.com/united-states/san-jose/festivals/nikkei-matsuri-japantown-san-jose/
Thai New Year Songkran Festival (Thai Town),Los Angeles,United States,2027-04-25,2027-04-25,April,True,yearly,Beer festivals; Street food festivals,"Thai street food, pad thai, khanom krok",True,https://tablejourney.com/united-states/los-angeles/festivals/songkran-thai-new-year-festival/
Auer Maidult,Munich,Germany,2027-04-25,2027-05-03,April,False,yearly,,"Bavarian classics, fairground food",True,https://tablejourney.com/germany/munich/festivals/auer-maidult/
Tallinn Coffee Festival,Tallinn,Estonia,2027-04-25,2027-04-26,April,False,yearly,Coffee and tea festivals,Specialty coffee,False,https://tablejourney.com/estonia/tallinn/festivals/tallinn-coffee-festival/
Beers of Japan Festival,Fukuoka,Japan,2027-04-25,2027-05-06,April,False,yearly,Beer festivals,Japanese craft beer,False,https://tablejourney.com/japan/fukuoka/festivals/beers-of-japan-fest/
NYC Hot Sauce Expo,New York City,United States,2027-04-25,2027-04-26,April,True,yearly,,Hot sauce and spicy food,False,https://tablejourney.com/united-states/new-york-city/festivals/nyc-hot-sauce-expo/
Festival da Francesinha no WOW,Porto,Portugal,2027-04-25,2027-04-26,April,False,yearly,Seafood festivals,Francesinha,True,https://tablejourney.com/portugal/porto/festivals/festival-da-francesinha-wow/
Festiwal Smaków Food Trucków,Gdańsk,Poland,2027-04-25,2027-04-26,April,False,yearly,Street food festivals; Seafood festivals; Chocolate and dessert festivals,"Street food from food trucks: burgers, seafood, langos, Korean chicken, desserts",True,https://tablejourney.com/poland/gdansk/festivals/festiwal-smakow-food-truckow-gdansk/
Karlin Street Food Festival,Prague,Czech Republic,2027-04-26,2027-04-26,April,False,yearly,Street food festivals,Modern Czech and international street food,True,https://tablejourney.com/czech-republic/prague/festivals/karlin-street-food-festival/
Salon Gourmets,Madrid,Spain,2027-04-26,2027-04-29,April,True,yearly,Wine festivals,"Gourmet food and wine fair, professional and public",False,https://tablejourney.com/spain/madrid/festivals/salon-gourmets/
Charlotte Wine and Food Week,Charlotte,United States,2027-04-28,2027-05-01,April,False,yearly,Wine festivals,Wine and food,False,https://tablejourney.com/united-states/charlotte/festivals/charlotte-wine-and-food-week/
Cruces de Mayo,Córdoba,Spain,2027-04-29,2027-05-03,April,True,yearly,Wine festivals,Andalusian,True,https://tablejourney.com/spain/cordoba/festivals/cruces-de-mayo/
Craft Gyoza Fes Tokyo,Tokyo,Japan,2027-04-29,2027-05-06,April,False,yearly,,Regional gyoza dumplings from across Japan,False,https://tablejourney.com/japan/tokyo/festivals/craft-gyoza-fes/
Kyushu Craft Beer Week,Fukuoka,Japan,2027-04-29,2027-05-05,April,False,yearly,Beer festivals; Street food festivals,"Craft beer, food trucks",False,https://tablejourney.com/japan/fukuoka/festivals/kyushu-craft-beer-week-fest/
Mayfest Fort Worth,Fort Worth,United States,2027-04-29,2027-05-02,April,True,yearly,Beer festivals; Wine festivals; Chocolate and dessert festivals,,,https://tablejourney.com/united-states/fort-worth/festivals/mayfest-fort-worth/
Niku Fes (Meat Festival),Tokyo,Japan,2027-04-29,2027-05-10,April,False,yearly,Beer festivals; Barbecue festivals,"Wagyu, yakiniku, burgers, BBQ from across Japan",False,https://tablejourney.com/japan/tokyo/festivals/niku-fes-odaiba/
Sudamja (Feast of Saint Domnius),Split,Croatia,2027-04-30,2027-05-10,April,False,yearly,Wine festivals,"Dalmatian gastronomy, sweets, wine",True,https://tablejourney.com/croatia/split/festivals/sudamja-feast-of-saint-domnius/
Festa da Flor,Funchal,Portugal,2027-04-30,2027-05-31,April,True,yearly,Street food festivals,"Spring produce, street food stalls and flower parades",True,https://tablejourney.com/portugal/funchal/festivals/festa-da-flor/
Richmond Night Market season,Vancouver,Canada,2027-04-30,2027-05-02,April,False,yearly,Street food festivals,Asian street food,False,https://tablejourney.com/canada/vancouver/festivals/richmond-night-market-festival/
Asheville Spring Herb Festival,Asheville,United States,2027-04-30,2027-05-02,April,True,yearly,Street food festivals,"Herbs, edible plants, foraging, regional food vendors",True,https://tablejourney.com/united-states/asheville/festivals/asheville-spring-herb-festival/
Festa di Sant'Efisio,Cagliari,Italy,2027-05-01,2027-05-04,May,True,yearly,,Sardinian feast cooking,True,https://tablejourney.com/italy/cagliari/festivals/festa-di-santefisio/
Blas na Bealtaine (Taste of May),Galway,Ireland,2027-05-01,2027-05-31,May,False,yearly,,Irish seasonal produce and artisan food,True,https://tablejourney.com/ireland/galway/festivals/blas-na-bealtaine/
Dubai Restaurant Week,Dubai,United Arab Emirates,2027-05-01,2027-05-17,May,True,yearly,,Set menus across 25 cuisines,True,https://tablejourney.com/united-arab-emirates/dubai/festivals/dubai-restaurant-week/
Encuentro de Moles,Puebla,Mexico,2027-05-01,2027-05-31,May,True,yearly,,Mole,True,https://tablejourney.com/mexico/puebla/festivals/encuentro-de-moles/
Fisk och Skaldjursfestivalen,Gothenburg,Sweden,2027-05-01,2027-05-01,May,True,yearly,Seafood festivals; Harvest festivals,,,https://tablejourney.com/sweden/gothenburg/festivals/goteborg-seafood-festival/
La Louche d'Or,Lille,France,2027-05-01,2027-05-01,May,True,yearly,,Soup,True,https://tablejourney.com/france/lille/festivals/la-louche-d-or/
Buddha Birth Day Festival,Brisbane,Australia,2027-05-01,2027-05-03,May,False,yearly,,Asian vegetarian feasts,True,https://tablejourney.com/australia/brisbane/festivals/buddha-birth-day-festival/
Dallas Margarita Festival,Dallas,United States,2027-05-01,2027-05-01,May,True,yearly,,,,https://tablejourney.com/united-states/dallas/festivals/dallas-margarita-festival/
Romanian Mici Day,Bucharest,Romania,2027-05-01,2027-05-01,May,False,yearly,Beer festivals; Barbecue festivals,Mici grills citywide for Labour Day weekend,True,https://tablejourney.com/romania/bucharest/festivals/mici-day-1-mai/
Tulsa International Mayfest,Tulsa,United States,2027-05-01,2027-05-31,May,True,yearly,,,,https://tablejourney.com/united-states/tulsa/festivals/tulsa-international-mayfest/
Las Vegas Indian Food and Cultural Festival (Mela),Las Vegas,United States,2027-05-01,2027-05-01,May,True,yearly,Street food festivals,North and South Indian street food and sweets,False,https://tablejourney.com/united-states/las-vegas/festivals/las-vegas-indian-food-festival/
Beijing Craft Beer Festival,Beijing,China,2027-05-01,2027-05-04,May,False,yearly,Beer festivals,Craft beer and festival food,False,https://tablejourney.com/china/beijing/festivals/beijing-craft-beer-festival/
Fiesta Old Town Cinco de Mayo,San Diego,United States,2027-05-01,2027-05-02,May,True,yearly,,Mexican-American,True,https://tablejourney.com/united-states/san-diego/festivals/fiesta-old-town-cinco-de-mayo/
Juicy Burger Fest,Beijing,China,2027-05-01,2027-05-04,May,False,yearly,,Burgers,True,https://tablejourney.com/china/beijing/festivals/juicy-burger-fest/
Shanghai Burger Month,Shanghai,China,2027-05-01,2027-05-31,May,True,yearly,,Burgers,True,https://tablejourney.com/china/shanghai/festivals/shanghai-burger-month/
Dia de la Cruz,Granada,Spain,2027-05-02,2027-05-03,May,False,yearly,,Andalusian tapas at parish bars,True,https://tablejourney.com/spain/granada/festivals/dia-de-la-cruz-granada/
Cinco de Mayo Festival (Bishop Arts),Dallas,United States,2027-05-02,2027-05-02,May,True,yearly,,,,https://tablejourney.com/united-states/dallas/festivals/cinco-de-mayo-bishop-arts/
Taste of Split,Split,Croatia,2027-05-02,2027-05-06,May,True,yearly,Wine festivals,"Dalmatian cooking, Split cake, soparnik, wine",True,https://tablejourney.com/croatia/split/festivals/taste-of-split/
Hakata Dontaku Port Festival,Fukuoka,Japan,2027-05-03,2027-05-04,May,False,yearly,,Festival food stalls and parades,True,https://tablejourney.com/japan/fukuoka/festivals/hakata-dontaku/
Festival de los Patios de Córdoba,Córdoba,Spain,2027-05-04,2027-05-17,May,True,yearly,,Andalusian,True,https://tablejourney.com/spain/cordoba/festivals/festival-de-los-patios/
Films With A View at Pllek,Amsterdam,Netherlands,2027-05-04,2027-05-04,May,True,yearly,,Terrace drinks and restaurant dining at an open-air cinema,True,https://tablejourney.com/netherlands/amsterdam/festivals/pllek-summer-bbq/
Ghent Food Festival at Dok Noord,Ghent,Belgium,2027-05-05,2027-05-09,May,True,yearly,Beer festivals,,,https://tablejourney.com/belgium/ghent/festivals/ghent-food-festival/
Taste of Roma,Rome,Italy,2027-05-06,2027-05-10,May,True,yearly,,Roman and Italian fine-dining tastings,False,https://tablejourney.com/italy/rome/festivals/taste-of-roma/
LA County Fair (Pomona),Los Angeles,United States,2027-05-06,2027-05-31,May,True,yearly,Chocolate and dessert festivals,"Fair food: funnel cake, corn dogs, chocolate-covered grapes",False,https://tablejourney.com/united-states/los-angeles/festivals/la-county-fair/
Festival TREK,Rotterdam,Netherlands,2027-05-07,2027-05-10,May,True,yearly,Street food festivals,"Food trucks and mobile kitchens: crepes, poffertjes, dim sum, burgers, vegan dishes",,https://tablejourney.com/netherlands/rotterdam/festivals/festival-trek-rotterdam/
Fiestas de San Isidro (rosquillas tradition),Madrid,Spain,2027-05-07,2027-05-17,May,True,yearly,,"Rosquillas de San Isidro, Madrid patron saint food festival",True,https://tablejourney.com/spain/madrid/festivals/san-isidro-rosquillas/
Fonteyn Wijnfestival,Utrecht,Netherlands,2027-05-07,2027-05-09,May,True,yearly,Wine festivals,"Utrecht wine shops, Dutch and international wines, snacks",False,https://tablejourney.com/netherlands/utrecht/festivals/fonteyn-wijnfestival-utrecht/
Friday Nights at OMCA with Off the Grid,Oakland,United States,2027-05-07,2027-05-07,May,False,yearly,Street food festivals,Bay Area food trucks,True,https://tablejourney.com/united-states/oakland/festivals/friday-nights-omca/
River Street Seafood Festival,Savannah,United States,2027-05-07,2027-05-09,May,True,yearly,Seafood festivals,"Local seafood: shrimp, crawfish, oysters, crab",True,https://tablejourney.com/united-states/savannah/festivals/river-street-seafood-festival/
Sweet Days Budapest Chocolate and Sweets Festival,Budapest,Hungary,2027-05-07,2027-05-10,May,False,yearly,Chocolate and dessert festivals,"Chocolate, Hungarian patisserie",True,https://tablejourney.com/hungary/budapest/festivals/sweet-days-chocolate-festival/
Fête de la Vigne et du Vin,Avignon,France,2027-05-07,2027-05-08,May,True,yearly,Wine festivals,"Vaucluse wines, growers' tastings, farm food stands",,https://tablejourney.com/france/avignon/festivals/fete-de-la-vigne-et-du-vin/
San Antonio Flavor,San Antonio,United States,2027-05-07,2027-05-07,May,False,yearly,,Bites from 30+ local restaurants,False,https://tablejourney.com/united-states/san-antonio/festivals/san-antonio-flavor/
Hamburg Hafengeburtstag,Hamburg,Germany,2027-05-08,2027-05-10,May,False,yearly,Beer festivals; Seafood festivals,"Hanseatic seafood, harbour food, beer",True,https://tablejourney.com/germany/hamburg/festivals/hamburg-hafengeburtstag/
Athens Street Food Festival,Athens,Greece,2027-05-08,2027-05-24,May,False,yearly,Street food festivals,"International street food, vegan and Greek",False,https://tablejourney.com/greece/athens/festivals/athens-street-food-festival/
Genuss Festival Stadtpark,Vienna,Austria,2027-05-08,2027-05-10,May,True,yearly,Wine festivals; Cheese festivals,"Austrian regional producers, wine, cheese",True,https://tablejourney.com/austria/vienna/festivals/genussfestival-stadtpark/
Memphis Greek Festival,Memphis,United States,2027-05-08,2027-05-09,May,False,yearly,,Greek,False,https://tablejourney.com/united-states/memphis/festivals/memphis-greek-festival/
Fête du Pain,Paris,France,2027-05-08,2027-05-17,May,False,yearly,,French bread,True,https://tablejourney.com/france/paris/festivals/fete-du-pain/
TAPT Beer Festival Amsterdam Oost,Amsterdam,Netherlands,2027-05-08,2027-05-09,May,False,yearly,Beer festivals; Street food festivals,Craft beer with international food trucks,False,https://tablejourney.com/netherlands/amsterdam/festivals/tapt-festival/
Festival Internacional Gastronómico,Málaga,Spain,2027-05-08,2027-05-10,May,True,yearly,,International cuisines from 15+ countries,False,https://tablejourney.com/spain/malaga/festivals/festival-internacional-gastronomico/
Burren Slow Food Festival,Galway,Ireland,2027-05-09,2027-05-09,May,True,yearly,Cheese festivals,"Slow food, foraged ingredients, Burren beef and dairy",True,https://tablejourney.com/ireland/galway/festivals/burren-food-festival/
Second Sunday on King,Charleston,United States,2027-05-09,2027-05-09,May,True,yearly,,Food vendors and King Street restaurants alongside shops and makers,True,https://tablejourney.com/united-states/charleston/festivals/second-sunday-on-king/
Festa del Carciofo Violetto di Sant'Erasmo,Venice,Italy,2027-05-09,2027-05-09,May,True,yearly,,Castraure artichokes from Sant'Erasmo,True,https://tablejourney.com/italy/venice/festivals/festival-castraure-sant-erasmo/
Fiera dell'Ascensione,Florence,Italy,2027-05-09,2027-05-09,May,True,yearly,Street food festivals,"Tuscan street food, brigidini, porchetta, lampredotto",True,https://tablejourney.com/italy/florence/festivals/fiera-dell-ascensione/
"Sagra della Fragola, Sa Segada",Alghero,Italy,2027-05-09,2027-05-10,May,True,yearly,Harvest festivals,Strawberries and Nurra farm produce,True,https://tablejourney.com/italy/alghero/festivals/sagra-della-fragola-sa-segada/
Cheung Chau Bun Festival,Hong Kong,Hong Kong,2027-05-10,2027-05-14,May,True,yearly,,Cheung Chau ping on buns and Taoist ritual,True,https://tablejourney.com/hong-kong/hong-kong/festivals/cheung-chau-bun-festival/
Tel Aviv EAT,Tel Aviv,Israel,2027-05-11,2027-05-14,May,False,yearly,Street food festivals,International and Israeli chef-led dining,True,https://tablejourney.com/israel/tel-aviv/festivals/tel-aviv-eat/
Fira de Sant Ponc,Barcelona,Spain,2027-05-11,2027-05-11,May,True,yearly,,"Honey, jams and candied fruit",True,https://tablejourney.com/spain/barcelona/festivals/fira-de-sant-ponc/
Chattanooga Pizza Week,Chattanooga,United States,2027-05-11,2027-05-17,May,True,yearly,,Pizza,True,https://tablejourney.com/united-states/chattanooga/festivals/chattanooga-pizza-week/
World Championship Barbecue Cooking Contest,Memphis,United States,2027-05-13,2027-05-16,May,False,yearly,Barbecue festivals,Memphis BBQ,False,https://tablejourney.com/united-states/memphis/festivals/world-championship-barbecue-cooking-contest/
Rollende Keukens,Amsterdam,Netherlands,2027-05-13,2027-05-17,May,False,yearly,Street food festivals,"Food trucks, international street food",True,https://tablejourney.com/netherlands/amsterdam/festivals/rollende-keukens/
Nocny Market,Warsaw,Poland,2027-05-13,2027-05-16,May,False,yearly,Street food festivals,"Street food, Asian, Italian and grills",True,https://tablejourney.com/poland/warsaw/festivals/nocny-market/
London Coffee Festival,London,United Kingdom,2027-05-13,2027-05-16,May,False,yearly,Beer festivals; Coffee and tea festivals,Specialty coffee and barista demonstration,False,https://tablejourney.com/united-kingdom/london/festivals/london-coffee-festival/
Regional Flavours,Brisbane,Australia,2027-05-13,2027-05-15,May,False,yearly,Beer festivals,"Queensland produce, chefs and winemakers",True,https://tablejourney.com/australia/brisbane/festivals/regional-flavours/
Inthakin City Pillar Festival,Chiang Mai,Thailand,2027-05-13,2027-05-19,May,True,yearly,,Temple and northern food,True,https://tablejourney.com/thailand/chiang-mai/festivals/inthakin-festival/
Ballymaloe Festival of Food,Cork,Ireland,2027-05-14,2027-05-16,May,True,yearly,,,,https://tablejourney.com/ireland/cork/festivals/ballymaloe-festival-of-food/
Sanja Matsuri Asakusa,Tokyo,Japan,2027-05-14,2027-05-16,May,True,yearly,Street food festivals,Festival street food and yatai stalls,True,https://tablejourney.com/japan/tokyo/festivals/sanja-matsuri-asakusa/
Belgrade Burger Festival,Belgrade,Serbia,2027-05-14,2027-05-24,May,False,yearly,,"Burgers, smash burgers, international guest grills",False,https://tablejourney.com/serbia/belgrade/festivals/belgrade-burger-festival/
Antwerpen Proeft,Antwerp,Belgium,2027-05-14,2027-05-17,May,False,yearly,Street food festivals,"Top restaurants, star chefs, street food",False,https://tablejourney.com/belgium/antwerp/festivals/antwerpen-proeft/
Great American Foodie Fest,Las Vegas,United States,2027-05-14,2027-05-16,May,True,yearly,Barbecue festivals,"100+ food vendors, carnival, BBQ to birria",False,https://tablejourney.com/united-states/las-vegas/festivals/great-american-foodie-fest/
AVL Beer Week,Asheville,United States,2027-05-15,2027-05-29,May,False,yearly,Beer festivals,"Craft beer, brewery collaborations",True,https://tablejourney.com/united-states/asheville/festivals/avl-beer-week/
Living Traditions Festival,Salt Lake City,United States,2027-05-15,2027-05-17,May,False,yearly,,Multicultural Salt Lake food,True,https://tablejourney.com/united-states/salt-lake-city/festivals/living-traditions-festival/
Aoi Matsuri,Kyoto,Japan,2027-05-15,2027-05-15,May,False,yearly,,Procession with hojicha and wagashi stalls,True,https://tablejourney.com/japan/kyoto/festivals/aoi-matsuri/
South 9th Street Italian Market Festival,Philadelphia,United States,2027-05-15,2027-05-16,May,True,yearly,,Italian-American,True,https://tablejourney.com/united-states/philadelphia/festivals/italian-market-festival/
Taste of Tribeca,New York City,United States,2027-05-15,2027-05-15,May,True,yearly,,Tribeca restaurant tastings,False,https://tablejourney.com/united-states/new-york-city/festivals/taste-of-tribeca/
FoodieLand Night Market Sacramento,Sacramento,United States,2027-05-15,2027-05-17,May,False,yearly,Street food festivals,Multicultural Asian-led food festival,False,https://tablejourney.com/united-states/sacramento/festivals/foodieland-night-market/
Feria del Mole at La Parrilla,Cancún,Mexico,2027-05-15,2027-05-31,May,False,yearly,,"Mole buffet: poblano, almendrado, verde, negro, tamarindo and shrimp moles",False,https://tablejourney.com/mexico/cancun/festivals/feria-del-mole-la-parrilla/
Festas do Senhor de Matosinhos,Porto,Portugal,2027-05-15,2027-06-07,May,False,yearly,Seafood festivals,"Grilled sardines, caldo verde, farturas",True,https://tablejourney.com/portugal/porto/festivals/festas-do-senhor-de-matosinhos/
Kilkenny Beer Festival,Kilkenny,Ireland,2027-05-15,2027-05-16,May,False,yearly,Beer festivals,Irish craft beer and pub food,True,https://tablejourney.com/ireland/kilkenny/festivals/kilkenny-beer-festival/
Arizona Restaurant Week,Phoenix,United States,2027-05-15,2027-05-24,May,True,yearly,,Statewide prix-fixe menus,True,https://tablejourney.com/united-states/phoenix/festivals/arizona-restaurant-week/
Artsplosure,Raleigh,United States,2027-05-15,2027-05-16,May,True,yearly,Street food festivals,Food trucks and Southern food alongside arts,True,https://tablejourney.com/united-states/raleigh/festivals/artsplosure/
Eastern Market Flower Day,Detroit,United States,2027-05-16,2027-05-16,May,True,yearly,,"Spring flowers, plants and seasonal food",True,https://tablejourney.com/united-states/detroit/festivals/eastern-market-flower-day/
Cleveland Asian Festival,Cleveland,United States,2027-05-16,2027-05-17,May,False,yearly,Street food festivals,"Pan-Asian street food: dim sum, banh mi, bubble tea, sushi, Thai noodles",True,https://tablejourney.com/united-states/cleveland/festivals/cleveland-asian-festival/
Eid al-Adha,Marrakech,Morocco,2027-05-16,2027-05-18,May,True,yearly,,"Mechoui pit-roast lamb, boulfaf, family sheep slaughter",True,https://tablejourney.com/morocco/marrakech/festivals/eid-al-adha-marrakech/
International Biscuit Festival,Knoxville,United States,2027-05-16,2027-05-16,May,False,yearly,,Biscuits and Southern breakfast,True,https://tablejourney.com/united-states/knoxville/festivals/international-biscuit-festival/
South Manchester Food and Drink Festival,Manchester,United Kingdom,2027-05-16,2027-05-17,May,True,yearly,,"International cuisine, chef demos",False,https://tablejourney.com/united-kingdom/manchester/festivals/south-manchester-food-festival/
Vinhos a Descobrir Lisbon Wine Tasting,Lisbon,Portugal,2027-05-16,2027-05-17,May,False,yearly,Wine festivals,"Portuguese wines, 300 plus from boutique producers",False,https://tablejourney.com/portugal/lisbon/festivals/vinhos-a-descobrir/
Cuba Nostalgia,Miami,United States,2027-05-16,2027-05-17,May,False,yearly,,Cuban food and culture,False,https://tablejourney.com/united-states/miami/festivals/cuba-nostalgia/
EEEEEATSCON Los Angeles,Los Angeles,United States,2027-05-16,2027-05-17,May,True,yearly,,"Restaurant collaborations, festival-only dishes",False,https://tablejourney.com/united-states/los-angeles/festivals/eeeeeatscon-la/
Ninth Avenue International Food Festival,New York City,United States,2027-05-16,2027-05-17,May,False,yearly,,Hell's Kitchen multi-ethnic,True,https://tablejourney.com/united-states/new-york-city/festivals/ninth-avenue-international-food-festival/
UMAMI Veggie Food Fest,Lisbon,Portugal,2027-05-16,2027-05-17,May,False,yearly,Street food festivals; Chocolate and dessert festivals; Cheese festivals; Vegan and vegetarian festivals,"Plant based, vegan, vegetarian",False,https://tablejourney.com/portugal/lisbon/festivals/umami-veggie-food-fest/
Fort Worth Margarita Festival,Fort Worth,United States,2027-05-16,2027-05-16,May,False,yearly,,,,https://tablejourney.com/united-states/fort-worth/festivals/fort-worth-margarita-festival/
Festa della Sensa,Venice,Italy,2027-05-17,2027-05-17,May,False,yearly,,"Lagoon-fish lunches, the Doge's marriage to the sea",True,https://tablejourney.com/italy/venice/festivals/festa-della-sensa/
Mikkeller Beer Week,Copenhagen,Denmark,2027-05-18,2027-05-24,May,False,yearly,Beer festivals,Craft beer takeovers across the city,True,https://tablejourney.com/denmark/copenhagen/festivals/mikkeller-beer-week/
FoCo Food Truck Rally,Fort Collins,United States,2027-05-18,2027-05-18,May,True,one-off or irregular,Street food festivals,Rotating local food trucks with live music,True,https://tablejourney.com/united-states/fort-collins/festivals/foco-food-truck-rally/
Sapporo Ramen Show,Sapporo,Japan,2027-05-18,2027-05-31,May,False,yearly,,Ramen festival,True,https://tablejourney.com/japan/sapporo/festivals/sapporo-ramen-show/
Braga Romana a Mesa,Braga,Portugal,2027-05-19,2027-05-23,May,False,yearly,,Roman-inspired Portuguese and Minho cuisine,True,https://tablejourney.com/portugal/braga/festivals/braga-romana-a-mesa/
Thessaloniki Street Food Festival,Thessaloniki,Greece,2027-05-20,2027-05-24,May,False,yearly,Street food festivals,,,https://tablejourney.com/greece/thessaloniki/festivals/thessaloniki-street-food-festival/
Rotterdam Food Festival,Rotterdam,Netherlands,2027-05-20,2027-05-20,May,True,yearly,,,,https://tablejourney.com/netherlands/rotterdam/festivals/rotterdam-food-festival/
Duas de Letra Craft Beer and Snacks Festival,Braga,Portugal,2027-05-20,2027-05-27,May,False,yearly,Beer festivals,Craft beer and Minho snack pairings,True,https://tablejourney.com/portugal/braga/festivals/duas-de-letra-festival/
MEGACON Orlando,Orlando,United States,2027-05-20,2027-05-23,May,True,yearly,,Badge discounts at International Drive restaurants,False,https://tablejourney.com/united-states/orlando/festivals/megacon-orlando/
TREK Foodfestival,Utrecht,Netherlands,2027-05-21,2027-05-25,May,False,yearly,Beer festivals; Street food festivals,International street food and Dutch food producers,True,https://tablejourney.com/netherlands/utrecht/festivals/trek-foodfestival-utrecht/
Taste of Paris,Paris,France,2027-05-21,2027-05-24,May,False,yearly,,French fine dining tastings,False,https://tablejourney.com/france/paris/festivals/taste-of-paris/
Howth Maritime and Seafood Festival,Dublin,Ireland,2027-05-22,2027-05-24,May,True,yearly,Seafood festivals,Irish seafood with chef demos and boat tours,True,https://tablejourney.com/ireland/dublin/festivals/howth-maritime-seafood-festival/
Spoleto Festival USA,Charleston,United States,2027-05-22,2027-06-07,May,False,yearly,,"Performing arts festival (opera, theatre, dance, music); no food programme of its own",False,https://tablejourney.com/united-states/charleston/festivals/spoleto-festival-usa/
Mikkeller Beer Celebration Copenhagen (MBCC),Copenhagen,Denmark,2027-05-22,2027-05-23,May,False,yearly,Beer festivals,"Craft beer, 100+ international breweries",False,https://tablejourney.com/denmark/copenhagen/festivals/mikkeller-beer-celebration/
Taste of Cincinnati,Cincinnati,United States,2027-05-22,2027-05-25,May,False,yearly,,"All-cuisines, Cincinnati restaurants",True,https://tablejourney.com/united-states/cincinnati/festivals/taste-of-cincinnati/
Vivid Sydney Food,Sydney,Australia,2027-05-22,2027-06-13,May,False,yearly,,Modern Australian and international,False,https://tablejourney.com/australia/sydney/festivals/vivid-sydney-food/
Vivid Fire Kitchen,Sydney,Australia,2027-05-22,2027-06-13,May,False,yearly,,Open-fire Modern Australian,True,https://tablejourney.com/australia/sydney/festivals/vivid-fire-kitchen/
Paniyiri Greek Festival,Brisbane,Australia,2027-05-22,2027-05-23,May,True,yearly,,Greek,False,https://tablejourney.com/australia/brisbane/festivals/paniyiri-greek-festival/
Tremont Greek Festival,Cleveland,United States,2027-05-22,2027-05-25,May,True,yearly,Wine festivals,"Greek: gyros, spanakopita, baklava, dolmades, Greek wine, loukoumades",True,https://tablejourney.com/united-states/cleveland/festivals/tremont-greek-festival/
BottleRock Napa Valley,Napa,United States,2027-05-22,2027-05-24,May,True,yearly,Wine festivals,,,https://tablejourney.com/united-states/napa/festivals/bottlerock-napa-valley/
Rio Wine and Food Festival,Rio de Janeiro,Brazil,2027-05-22,2027-05-31,May,True,yearly,Wine festivals,Wine,False,https://tablejourney.com/brazil/rio-de-janeiro/festivals/rio-wine-and-food-festival/
Noche Blanca,Mérida,Mexico,2027-05-22,2027-05-23,May,True,yearly,,Pop-up restaurant menus on Calle 60,True,https://tablejourney.com/mexico/merida/festivals/noche-blanca-merida/
Festival Craft,Porto,Portugal,2027-05-22,2027-05-24,May,False,yearly,Beer festivals; Street food festivals,Craft beer and petiscos,True,https://tablejourney.com/portugal/porto/festivals/festival-craft-wow-gaia/
Foire Internationale de Bordeaux,Bordeaux,France,2027-05-22,2027-05-31,May,False,yearly,,"Gastronomy, agriculture, lifestyle",False,https://tablejourney.com/france/bordeaux/festivals/foire-internationale-de-bordeaux/
Memorial Day Weekend at Pike Place Market,Seattle,United States,2027-05-22,2027-05-24,May,False,yearly,,"Market produce, seasonal street dining and dinner shows",True,https://tablejourney.com/united-states/seattle/festivals/pike-place-market-festival/
Miller Lite Carb Day and Concert,Indianapolis,United States,2027-05-22,2027-05-22,May,False,yearly,,Race-day American,False,https://tablejourney.com/united-states/indianapolis/festivals/miller-lite-carb-day/
Greater Pittsburgh Food Truck Festival,Pittsburgh,United States,2027-05-22,2027-05-24,May,False,yearly,Street food festivals,Food trucks,False,https://tablejourney.com/united-states/pittsburgh/festivals/greater-pittsburgh-food-truck-festival/
St. Louis County Greek Festival,St. Louis,United States,2027-05-22,2027-05-25,May,False,yearly,,Greek,True,https://tablejourney.com/united-states/st-louis/festivals/st-louis-county-greek-fest/
Feria de Nuestra Señora de la Salud,Córdoba,Spain,2027-05-23,2027-05-30,May,True,yearly,,Andalusian,True,https://tablejourney.com/spain/cordoba/festivals/feria-de-nuestra-senora-de-la-salud/
Hot Luck Festival,Austin,United States,2027-05-23,2027-05-25,May,False,yearly,,Live-fire chef collaborations and live music,False,https://tablejourney.com/united-states/austin/festivals/hot-luck-festival/
Asian Festival,Columbus,United States,2027-05-23,2027-05-24,May,False,yearly,,Pan-Asian,True,https://tablejourney.com/united-states/columbus/festivals/columbus-asian-festival/
Girotonno,Cagliari,Italy,2027-05-23,2027-06-02,May,True,yearly,,Bluefin tuna,True,https://tablejourney.com/italy/cagliari/festivals/girotonno-carloforte/
La Fête du Vin Bio,Montpellier,France,2027-05-23,2027-06-06,May,True,yearly,Wine festivals,Organic Languedoc wine tastings across the city,True,https://tablejourney.com/france/montpellier/festivals/fete-du-vin-bio/
Tivoli Food Festival,Copenhagen,Denmark,2027-05-23,2027-05-31,May,False,yearly,,"Nordic gastronomy, chef demos, market stalls",False,https://tablejourney.com/denmark/copenhagen/festivals/tivoli-food-festival/
Chattanooga Beer Fest,Chattanooga,United States,2027-05-23,2027-05-23,May,True,yearly,Beer festivals; Street food festivals,Craft beer,False,https://tablejourney.com/united-states/chattanooga/festivals/chattanooga-beer-fest/
Festa della Focaccia di Recco,Genoa,Italy,2027-05-23,2027-05-23,May,True,yearly,Cheese festivals,Focaccia di Recco col formaggio IGP,True,https://tablejourney.com/italy/genoa/festivals/festa-della-focaccia-di-recco/
Vogalonga,Venice,Italy,2027-05-24,2027-05-24,May,False,yearly,,"Post-row lunches at the bacari, Soave and Prosecco",True,https://tablejourney.com/italy/venice/festivals/vogalonga/
Pivo & Burger Fest (Spring),Ljubljana,Slovenia,2027-05-25,2027-05-26,May,False,yearly,Beer festivals,Burgers and Slovenian craft beer,True,https://tablejourney.com/slovenia/ljubljana/festivals/pivo-burger-fest-may/
Memphis Italian Festival,Memphis,United States,2027-05-27,2027-05-29,May,True,yearly,,Italian-American,False,https://tablejourney.com/united-states/memphis/festivals/memphis-italian-festival/
Street Food Festival Zurich,Zurich,Switzerland,2027-05-27,2027-06-28,May,False,yearly,Street food festivals,International street food,True,https://tablejourney.com/switzerland/zurich/festivals/street-food-festival-zurich/
Busan International Food Expo,Busan,South Korea,2027-05-27,2027-05-30,May,False,yearly,,Korean food industry,False,https://tablejourney.com/south-korea/busan/festivals/busan-international-food-expo/
Richmond Greek Festival,Richmond,United States,2027-05-28,2027-05-31,May,False,yearly,Wine festivals,"Greek food, pastries, wine",True,https://tablejourney.com/united-states/richmond/festivals/richmond-greek-festival/
Ubud Food Festival,Bali,Indonesia,2027-05-28,2027-05-31,May,False,yearly,,Indonesian,,https://tablejourney.com/indonesia/bali/festivals/ubud-food-festival/
Bizkaiko Pintxo Txapelketa,Bilbao,Spain,2027-05-28,2027-06-11,May,False,yearly,,Pintxos (creative and traditional),True,https://tablejourney.com/spain/bilbao/festivals/bizkaiko-pintxo-txapelketa/
San Jose Greek Festival,San Jose,United States,2027-05-28,2027-05-30,May,True,yearly,Wine festivals,"Greek (gyros, moussaka, baklava, meze, imported Greek wine)",False,https://tablejourney.com/united-states/san-jose/festivals/san-jose-greek-festival/
Sabor Salou Street Food Market,Salou,Spain,2027-05-28,2027-05-30,May,True,yearly,Beer festivals; Wine festivals; Street food festivals; Seafood festivals,"Salou restaurants' tapas, rice, seafood and street food, with wine, cava and beer stands",True,https://tablejourney.com/spain/salou/festivals/sabor-salou/
Tast a la Rambla,Barcelona,Spain,2027-05-28,2027-05-31,May,False,yearly,Chocolate and dessert festivals,Tapas and pastry crawl,False,https://tablejourney.com/spain/barcelona/festivals/tapas-tour-bcn/
TLV Cocktail Festival,Tel Aviv,Israel,2027-05-28,2027-05-29,May,False,yearly,,Cocktails,False,https://tablejourney.com/israel/tel-aviv/festivals/tlv-cocktail-festival/
Salon Sauvignon Ljubljana,Ljubljana,Slovenia,2027-05-29,2027-05-29,May,False,yearly,,Sauvignon wines from Slovenia and abroad,False,https://tablejourney.com/slovenia/ljubljana/festivals/salon-sauvignon-ljubljana/
Tallinn Craft Beer Weekend (TCBW),Tallinn,Estonia,2027-05-29,2027-05-30,May,False,yearly,Beer festivals,Estonian and international craft beer,False,https://tablejourney.com/estonia/tallinn/festivals/tallinn-craft-beer-weekend/
Cantine Aperte Campania,Naples,Italy,2027-05-29,2027-05-30,May,True,yearly,Wine festivals,"Campanian wine: Aglianico, Falanghina, Greco di Tufo, Fiano di Avellino",True,https://tablejourney.com/italy/naples/festivals/cantine-aperte-campania/
Oslo Vegetarfestival,Oslo,Norway,2027-05-29,2027-05-30,May,True,yearly,Vegan and vegetarian festivals,"Plant-based food court, chef talks and cooking",True,https://tablejourney.com/norway/oslo/festivals/oslo-vegetarfestival/
SJMADE Fest,San Jose,United States,2027-05-29,2027-05-30,May,True,yearly,Street food festivals,"Local artisan food (food trucks, bakers, chefs, food stalls)",True,https://tablejourney.com/united-states/san-jose/festivals/sjmade-fest-san-jose/
Parma Street Food Festival,Parma,Italy,2027-05-29,2027-06-02,May,False,yearly,Street food festivals,Street food from thirty-plus trucks,True,https://tablejourney.com/italy/parma/festivals/parma-street-food-festival/
"Reims, l'épopée légendaire",Reims,France,2027-05-29,2027-05-30,May,True,yearly,,Medieval taverns and market stalls,True,https://tablejourney.com/france/reims/festivals/reims-lepopee-legendaire/
Feria del Corpus Christi,Granada,Spain,2027-05-30,2027-06-06,May,False,yearly,,Andalusian feria casetas,True,https://tablejourney.com/spain/granada/festivals/feria-del-corpus-granada/
Wine Affair Lisboa,Lisbon,Portugal,2027-05-30,2027-05-30,May,False,yearly,Wine festivals,"Portuguese wines, around 150 bottles in free tasting",False,https://tablejourney.com/portugal/lisbon/festivals/wine-affair-lisboa/
Philly Beer Week,Philadelphia,United States,2027-05-31,2027-06-09,May,False,yearly,Beer festivals,Beer,True,https://tablejourney.com/united-states/philadelphia/festivals/philly-beer-week/
K-Food Festival on Hangang Bridge,Seoul,South Korea,2027-05-31,2027-05-31,May,False,yearly,Street food festivals,"Korean food trucks, kimchi-making and traditional crafts on the Han River",True,https://tablejourney.com/south-korea/seoul/festivals/k-food-festival-hangang-bridge/
Festas de Lisboa,Lisbon,Portugal,2027-06-01,2027-06-30,June,False,yearly,Seafood festivals,"Sardine festivals, neighbourhood parties, food stalls",True,https://tablejourney.com/portugal/lisbon/festivals/festas-de-lisboa/
Las Vegas Restaurant Week,Las Vegas,United States,2027-06-01,2027-06-12,June,False,yearly,,Prix-fixe menus at about 300 restaurants,True,https://tablejourney.com/united-states/las-vegas/festivals/las-vegas-restaurant-week/
Bite30 Orlando Restaurant Week,Orlando,United States,2027-06-01,2027-07-13,June,True,yearly,,Multi-course prix-fixe dinners,True,https://tablejourney.com/united-states/orlando/festivals/bite30-restaurant-week/
Buenos Aires Celebra Italia,Buenos Aires,Argentina,2027-06-01,2027-06-30,June,False,yearly,,"Regional Italian dishes: cured meats, cheeses, panini, tiramisu",True,https://tablejourney.com/argentina/buenos-aires/festivals/buenos-aires-celebra-italia/
Scenic Rim Eat Local Month,Brisbane,Australia,2027-06-01,2027-06-30,June,True,yearly,Harvest festivals,"Farm lunches, vineyard dinners, on-farm tours",False,https://tablejourney.com/australia/brisbane/festivals/scenic-rim-eat-local-month/
Street Food Festival Cologne,Cologne,Germany,2027-06-01,2027-06-30,June,True,yearly,Street food festivals,,,https://tablejourney.com/germany/cologne/festivals/street-food-festival-cologne/
WestFest,Glasgow,United Kingdom,2027-06-01,2027-06-29,June,True,yearly,Street food festivals; Barbecue festivals,Street food and barbecue,True,https://tablejourney.com/united-kingdom/glasgow/festivals/west-fest/
Chicago Ale Fest,Chicago,United States,2027-06-01,2027-06-02,June,False,yearly,Beer festivals,Craft beer,False,https://tablejourney.com/united-states/chicago/festivals/chicago-beer-festival/
Festas dos Santos Populares,Lisbon,Portugal,2027-06-03,2027-06-15,June,False,yearly,Seafood festivals,"Charcoal-grilled sardines, caldo verde, ginjinha",True,https://tablejourney.com/portugal/lisbon/festivals/santos-populares/
Kölner Weinwoche,Cologne,Germany,2027-06-03,2027-06-14,June,False,yearly,Wine festivals,,,https://tablejourney.com/germany/cologne/festivals/kolner-weinwoche/
Bord Bia Bloom,Dublin,Ireland,2027-06-03,2027-06-07,June,True,yearly,Street food festivals,Irish food producers and chef demonstrations,False,https://tablejourney.com/ireland/dublin/festivals/bord-bia-bloom/
New Orleans Oyster Festival,New Orleans,United States,2027-06-03,2027-06-04,June,False,yearly,Seafood festivals,Oysters,True,https://tablejourney.com/united-states/new-orleans/festivals/new-orleans-oyster-festival/
Toukasan Yukata Festival,Hiroshima,Japan,2027-06-04,2027-06-06,June,True,yearly,Street food festivals,Festival yatai street food,True,https://tablejourney.com/japan/hiroshima/festivals/toukasan-yukata-festival/
Carmel-by-the-Sea Culinary Week,Carmel-by-the-Sea,United States,2027-06-04,2027-06-12,June,True,yearly,Wine festivals,Village-wide restaurant menus and wine events,False,https://tablejourney.com/united-states/carmel/festivals/carmel-culinary-week/
Gourmet Festival,Budapest,Hungary,2027-06-04,2027-06-07,June,False,yearly,,"Hungarian regional cuisine, rural producers",False,https://tablejourney.com/hungary/budapest/festivals/gourmet-festival/
Taste of Omaha,Omaha,United States,2027-06-04,2027-06-06,June,True,yearly,Beer festivals,,,https://tablejourney.com/united-states/omaha/festivals/taste-of-omaha/
Premiers Vendredis,Montreal,Canada,2027-06-04,2027-06-04,June,True,yearly,Street food festivals,Food trucks and street food,True,https://tablejourney.com/canada/montreal/festivals/premiers-vendredis/
PrideFest Milwaukee,Milwaukee,United States,2027-06-04,2027-06-06,June,False,yearly,,Mixed American,False,https://tablejourney.com/united-states/milwaukee/festivals/pridefest-milwaukee/
Beelitzer Spargelfest,Berlin,Germany,2027-06-04,2027-06-06,June,True,yearly,,White asparagus,True,https://tablejourney.com/germany/berlin/festivals/beelitzer-spargelfest/
Dublin Cocktail Week,Dublin,Ireland,2027-06-04,2027-06-13,June,True,yearly,,Cocktails in city centre bars and restaurants,False,https://tablejourney.com/ireland/dublin/festivals/dublin-cocktail-week/
Taste of Charlotte,Charlotte,United States,2027-06-04,2027-06-06,June,True,yearly,,Charlotte restaurants sampler,True,https://tablejourney.com/united-states/charlotte/festivals/taste-of-charlotte/
Smaka på Stockholm,Stockholm,Sweden,2027-06-05,2027-06-09,June,False,yearly,,Swedish and international restaurant tasting,True,https://tablejourney.com/sweden/stockholm/festivals/smaka-pa-stockholm/
Festival of Embassies,Prague,Czech Republic,2027-06-05,2027-06-05,June,True,yearly,Street food festivals,Embassy-sponsored international street food,True,https://tablejourney.com/czech-republic/prague/festivals/embassies-festival/
Whiskey Live Dublin,Dublin,Ireland,2027-06-05,2027-06-06,June,False,yearly,,"Irish whiskey tastings, masterclasses, distillery showcases",False,https://tablejourney.com/ireland/dublin/festivals/whiskey-live-dublin/
Railbird Festival,Lexington,United States,2027-06-05,2027-06-06,June,True,yearly,,Bourbon and festival food,False,https://tablejourney.com/united-states/lexington/festivals/railbird-festival/
Tallinn Old Town Days,Tallinn,Estonia,2027-06-05,2027-06-07,June,False,yearly,,,True,https://tablejourney.com/estonia/tallinn/festivals/old-town-days/
Tampa Bay Margarita Festival,Tampa,United States,2027-06-05,2027-06-05,June,True,yearly,,Margaritas and Mexican food,False,https://tablejourney.com/united-states/tampa/festivals/tampa-bay-margarita-fest/
Georgia Peach Festival,Atlanta,United States,2027-06-05,2027-06-06,June,False,yearly,,Georgia peaches,True,https://tablejourney.com/united-states/atlanta/festivals/georgia-peach-festival/
Ribfest Chicago,Chicago,United States,2027-06-05,2027-06-07,June,True,yearly,Barbecue festivals,Barbecue ribs,True,https://tablejourney.com/united-states/chicago/festivals/ribfest-chicago/
Sabor del Barrio,San Diego,United States,2027-06-06,2027-06-06,June,True,yearly,,Chicano and Mexican,False,https://tablejourney.com/united-states/san-diego/festivals/sabor-del-barrio/
Vinhos Verdes Essencia Festival,Porto,Portugal,2027-06-06,2027-06-08,June,False,yearly,Wine festivals,"Vinho Verde wine festival: tastings, chef show-cookings, banquets",False,https://tablejourney.com/portugal/porto/festivals/vinhos-verdes-essencia-festival/
Festiwal Kulinarny Delicje,Wrocław,Poland,2027-06-06,2027-06-08,June,False,yearly,Coffee and tea festivals,"Polish coffee roasters, regional produce, culinary competitions",True,https://tablejourney.com/poland/wroclaw/festivals/festiwal-delicje/
Open Streets Minneapolis,Minneapolis,United States,2027-06-06,2027-06-06,June,False,yearly,Street food festivals,"Food trucks, festival food",True,https://tablejourney.com/united-states/minneapolis/festivals/open-streets-mpls/
Summer Belgrade Wine Salon,Belgrade,Serbia,2027-06-06,2027-06-06,June,False,yearly,Wine festivals,"Serbian and regional wine, tasting flights",False,https://tablejourney.com/serbia/belgrade/festivals/belgrade-wine-salon-summer/
Asheville VeganFest (Spring),Asheville,United States,2027-06-06,2027-06-06,June,True,yearly,Street food festivals; Vegan and vegetarian festivals,"Vegan food, plant-based vendors",True,https://tablejourney.com/united-states/asheville/festivals/asheville-veganfest-spring/
Raleigh International Food Festival,Raleigh,United States,2027-06-06,2027-06-06,June,False,yearly,,"International: 50+ countries, 120+ food vendors",True,https://tablejourney.com/united-states/raleigh/festivals/raleigh-international-food-festival/
Fishermen's Day,Reykjavik,Iceland,2027-06-06,2027-06-06,June,True,yearly,Seafood festivals,Icelandic seafood,True,https://tablejourney.com/iceland/reykjavik/festivals/fishermens-day/
Identita Golose,Milan,Italy,2027-06-07,2027-06-09,June,False,yearly,,"Contemporary Italian fine dining, chef masterclasses",False,https://tablejourney.com/italy/milan/festivals/identita-golose/
Majornas Beer Festival,Gothenburg,Sweden,2027-06-07,2027-06-07,June,True,yearly,Beer festivals,,,https://tablejourney.com/sweden/gothenburg/festivals/majorna-beer-festival/
Festa di Sant'Antonio a San Francesco della Vigna,Venice,Italy,2027-06-07,2027-06-14,June,False,yearly,,"Bigoi in salsa, lasagne, fried fish with polenta",True,https://tablejourney.com/italy/venice/festivals/festa-di-sant-antonio-san-francesco-della-vigna/
Festas de São João do Porto (municipal programme),Porto,Portugal,2027-06-08,2027-06-28,June,False,yearly,Seafood festivals,Grilled sardines on the night of São João,True,https://tablejourney.com/portugal/porto/festivals/festas-da-cidade-do-porto/
Alguer Wine Week,Alghero,Italy,2027-06-08,2027-06-14,June,True,yearly,Wine festivals,"Sardinian wine, Alghero DOC",False,https://tablejourney.com/italy/alghero/festivals/alguer-wine-week/
New Orleans Wine and Food Experience,New Orleans,United States,2027-06-09,2027-06-13,June,False,yearly,Wine festivals,Chef-led tasting weekend,False,https://tablejourney.com/united-states/new-orleans/festivals/new-orleans-wine-and-food-experience/
Singapore Cocktail Crossover,Singapore,Singapore,2027-06-09,2027-06-14,June,True,yearly,,,,https://tablejourney.com/singapore/singapore/festivals/singapore-cocktail-crossover/
Dragon Boat Festival rice dumpling season,Hong Kong,Hong Kong,2027-06-09,2027-06-09,June,True,yearly,,"Rice dumplings (zongzi), race-day snacks",True,https://tablejourney.com/hong-kong/hong-kong/festivals/dragon-boat-festival-rice-dumplings/
NorthSide Festival,Aarhus,Denmark,2027-06-10,2027-06-12,June,True,yearly,,"Festival food stalls, billed as an organic selection",False,https://tablejourney.com/denmark/aarhus/festivals/northside-food-programme-aarhus/
Yosakoi Soran Festival,Sapporo,Japan,2027-06-10,2027-06-14,June,False,yearly,,Festival food stalls,True,https://tablejourney.com/japan/sapporo/festivals/yosakoi-soran/
Indianapolis Italian Street Festival,Indianapolis,United States,2027-06-11,2027-06-12,June,True,yearly,,Italian,True,https://tablejourney.com/united-states/indianapolis/festivals/indianapolis-italian-street-festival/
Festival Internacional de Musica y Danza,Granada,Spain,2027-06-11,2027-07-12,June,False,yearly,,Pre-concert tapas at Alhambra cafes,False,https://tablejourney.com/spain/granada/festivals/festival-musica-y-danza-granada/
Lyon Street Food Festival,Lyon,France,2027-06-11,2027-06-14,June,False,yearly,Street food festivals,Street food from 20 nationalities,False,https://tablejourney.com/france/lyon/festivals/lyon-street-food-festival/
Taste of Dublin,Dublin,Ireland,2027-06-11,2027-06-14,June,False,yearly,,Multi-cuisine outdoor festival on Merrion Square,False,https://tablejourney.com/ireland/dublin/festivals/taste-of-dublin/
BRINA Festival at Odprta kuhna,Ljubljana,Slovenia,2027-06-11,2027-06-14,June,False,yearly,,"Slovenian gin, mixology and cocktails",True,https://tablejourney.com/slovenia/ljubljana/festivals/open-kitchen-brina/
Bristol Craft Beer Festival,Bristol,United Kingdom,2027-06-11,2027-06-12,June,True,yearly,Beer festivals,Craft beer,False,https://tablejourney.com/united-kingdom/bristol/festivals/bristol-craft-beer-festival/
Primavera Sound Porto,Porto,Portugal,2027-06-11,2027-06-14,June,False,yearly,,Music festival; no food programme named by the organiser,False,https://tablejourney.com/portugal/porto/festivals/nos-primavera-sound-food-market/
Polish Fest Milwaukee,Milwaukee,United States,2027-06-12,2027-06-14,June,False,yearly,,Polish,False,https://tablejourney.com/united-states/milwaukee/festivals/polish-fest/
São João da Feira de São Cristóvão,Rio de Janeiro,Brazil,2027-06-12,2027-06-27,June,True,yearly,,Northeastern Brazilian,False,https://tablejourney.com/brazil/rio-de-janeiro/festivals/sao-joao-da-feira-de-sao-cristovao/
Marquette Waterfront Festival,Madison,United States,2027-06-12,2027-06-13,June,True,yearly,Beer festivals,"Wisconsin food vendors, craft beer and live music",True,https://tablejourney.com/united-states/madison/festivals/marquette-waterfront-festival/
Taste of Little Italy,Toronto,Canada,2027-06-12,2027-06-14,June,True,yearly,,Italian-Canadian,True,https://tablejourney.com/canada/toronto/festivals/taste-of-little-italy/
Kulturos naktis (Culture Night),Vilnius,Lithuania,2027-06-12,2027-06-12,June,True,yearly,,Arts festival with no food programme,True,https://tablejourney.com/lithuania/vilnius/festivals/culture-night-food-village/
Gwangalli Eobang Festival,Busan,South Korea,2027-06-12,2027-06-14,June,False,yearly,Seafood festivals,Seafood,True,https://tablejourney.com/south-korea/busan/festivals/gwangalli-eobang-festival/
North Beach Festival,San Francisco,United States,2027-06-12,2027-06-13,June,True,yearly,,"Italian American, North Beach restaurants",True,https://tablejourney.com/united-states/san-francisco/festivals/north-beach-festival-food/
Sagra di Sant'Antonio di Pellestrina,Venice,Italy,2027-06-12,2027-06-20,June,False,yearly,Harvest festivals,"Island fish dishes from the Pellestrina lagoon, takeaway available",True,https://tablejourney.com/italy/venice/festivals/sagra-di-sant-antonio-pellestrina/
Andersonville Midsommarfest,Chicago,United States,2027-06-12,2027-06-14,June,True,yearly,Street food festivals,Swedish and Chicago street food,True,https://tablejourney.com/united-states/chicago/festivals/andersonville-midsommarfest/
Oslo Ginfestival,Oslo,Norway,2027-06-12,2027-06-13,June,True,yearly,,Gin and craft spirits,False,https://tablejourney.com/norway/oslo/festivals/oslo-ginfestival/
Fairchild Mango Festival,Miami,United States,2027-06-13,2027-06-14,June,False,yearly,,"Mango, tropical fruit",False,https://tablejourney.com/united-states/miami/festivals/fairchild-mango-festival/
Suq Festival,Genoa,Italy,2027-06-13,2027-06-24,June,True,yearly,,Ten international cuisines plus Genoese pànera,True,https://tablejourney.com/italy/genoa/festivals/suq-festival/
Festiwal Pasibrzucha,Wrocław,Poland,2027-06-13,2027-06-15,June,False,yearly,Street food festivals,"Street food, international food trucks",True,https://tablejourney.com/poland/wroclaw/festivals/festiwal-pasibrzucha/
Sausage & Cider Fest Bristol,Bristol,United Kingdom,2027-06-13,2027-06-13,June,False,yearly,,Sausages and cider,False,https://tablejourney.com/united-kingdom/bristol/festivals/sausage-and-cider-fest-bristol/
Huîtres et Vins,Montpellier,France,2027-06-14,2027-06-14,June,True,yearly,Wine festivals; Seafood festivals,Oysters and white wine on a rooftop,True,https://tablejourney.com/france/montpellier/festivals/huitres-et-vins-jost/
African Food Festival Rotterdam,Rotterdam,Netherlands,2027-06-15,2027-06-15,June,True,yearly,,,,https://tablejourney.com/netherlands/rotterdam/festivals/african-food-festival-rotterdam/
Port Chef,Tel Aviv,Israel,2027-06-15,2027-06-19,June,False,yearly,Street food festivals,Chef collaborations and street food,True,https://tablejourney.com/israel/tel-aviv/festivals/port-chef-tel-aviv/
Holy Cross Greek Festival,Pittsburgh,United States,2027-06-15,2027-06-19,June,False,yearly,,Greek food,True,https://tablejourney.com/united-states/pittsburgh/festivals/holy-cross-greek-festival/
Bloomsday Festival,Dublin,Ireland,2027-06-16,2027-06-16,June,False,yearly,,Joycean Edwardian breakfast and Gorgonzola sandwich pubs,True,https://tablejourney.com/ireland/dublin/festivals/bloomsday-dublin/
Día Mundial de la Tapa en Lavapiés,Madrid,Spain,2027-06-16,2027-06-21,June,False,yearly,,Croquetas: one exclusive recipe per bar at a set price,True,https://tablejourney.com/spain/madrid/festivals/dia-mundial-de-la-tapa-lavapies/
Porto Beer Fest,Porto,Portugal,2027-06-17,2027-06-21,June,False,yearly,Beer festivals; Street food festivals,Craft beer and street food,True,https://tablejourney.com/portugal/porto/festivals/porto-beer-fest/
Taste of London,London,United Kingdom,2027-06-17,2027-06-21,June,False,yearly,,Multi-cuisine restaurant tasting festival,False,https://tablejourney.com/united-kingdom/london/festivals/taste-of-london/
Opernplatzfest,Frankfurt,Germany,2027-06-17,2027-06-26,June,True,yearly,,Restaurant stands and cocktails before the Alte Oper,True,https://tablejourney.com/germany/frankfurt/festivals/opernplatzfest/
Emmett Cherry Festival,Boise,United States,2027-06-17,2027-06-20,June,True,yearly,Harvest festivals,"Cherries, food vendors, pie eating and bake off contests",True,https://tablejourney.com/united-states/boise/festivals/emmett-cherry-festival-boise/
Summerfest,Milwaukee,United States,2027-06-18,2027-07-04,June,False,yearly,,Mixed American,False,https://tablejourney.com/united-states/milwaukee/festivals/summerfest/
Concurso de Tapas y Pinchos de Benidorm,Benidorm,Spain,2027-06-18,2027-06-27,June,True,yearly,,Competition tapas and pinchos,True,https://tablejourney.com/spain/benidorm/festivals/concurso-de-tapas-y-pinchos/
Bierpassie Weekend,Antwerp,Belgium,2027-06-18,2027-06-20,June,True,yearly,Beer festivals,Belgian specialty beer,True,https://tablejourney.com/belgium/antwerp/festivals/bierpassie-weekend/
Tollwood Summer Festival,Munich,Germany,2027-06-19,2027-07-19,June,False,yearly,Street food festivals,"International street food, vegetarian-led",True,https://tablejourney.com/germany/munich/festivals/tollwood-summer/
Bite of Amsterdam,Amsterdam,Netherlands,2027-06-19,2027-06-21,June,False,yearly,,Top restaurants serving plates from the city's leading kitchens,False,https://tablejourney.com/netherlands/amsterdam/festivals/bite-of-amsterdam/
Main Street Summer SOULstice,Santa Monica,United States,2027-06-19,2027-06-19,June,True,yearly,Beer festivals,Local restaurants and beer gardens,True,https://tablejourney.com/united-states/santa-monica/festivals/main-street-summer-soulstice/
Prague Ice Cream Festival,Prague,Czech Republic,2027-06-19,2027-06-20,June,True,yearly,Street food festivals; Chocolate and dessert festivals; Coffee and tea festivals,"Gelato, sorbet, soft serve, ice lollies",False,https://tablejourney.com/czech-republic/prague/festivals/prague-ice-cream-festival/
Stone Arch Bridge Festival,Minneapolis,United States,2027-06-19,2027-06-20,June,True,yearly,,"Culinary Arts Market of Twin Cities food and drink makers, food vendors",True,https://tablejourney.com/united-states/minneapolis/festivals/stone-arch-bridge-festival/
Wianki nad Wisla,Warsaw,Poland,2027-06-20,2027-06-20,June,False,yearly,Street food festivals,"Solstice picnic, street food, folk craft",True,https://tablejourney.com/poland/warsaw/festivals/wianki-nad-wisla/
Jurade de Saint-Emilion Printemps,Bordeaux,France,2027-06-20,2027-06-20,June,True,yearly,Wine festivals,Saint-Emilion wine and Aquitaine gastronomy,False,https://tablejourney.com/france/bordeaux/festivals/saint-emilion-jurade/
Ljubljana Wine Route (Summer),Ljubljana,Slovenia,2027-06-20,2027-06-20,June,True,yearly,Wine festivals,Slovenian wines and traditional plates,False,https://tablejourney.com/slovenia/ljubljana/festivals/ljubljana-wine-route-summer/
Isleton Crawdad Festival,Sacramento,United States,2027-06-20,2027-06-21,June,False,yearly,,Sacramento Delta crawfish boil and Cajun food,False,https://tablejourney.com/united-states/sacramento/festivals/isleton-crawdad-festival/
"Egg Rolls, Egg Creams and Empanadas Festival",New York City,United States,2027-06-20,2027-06-20,June,True,yearly,Street food festivals,"Chinese, Jewish and Puerto Rican street food",True,https://tablejourney.com/united-states/new-york-city/festivals/egg-rolls-egg-creams-empanadas-festival/
Fete de la Musique,Toulouse,France,2027-06-21,2027-06-21,June,True,yearly,Wine festivals,Street music day; eat at Toulouse's restaurants and wine bars,True,https://tablejourney.com/france/toulouse/festivals/fete-de-la-musique-food/
Fort Collins Beer Week,Fort Collins,United States,2027-06-22,2027-06-28,June,True,yearly,Beer festivals,Craft beer across about 20 breweries,True,https://tablejourney.com/united-states/fort-collins/festivals/fort-collins-beer-week/
São João do Porto,Porto,Portugal,2027-06-23,2027-06-24,June,False,yearly,Seafood festivals,"Sardines, grilled meats, caldo verde",True,https://tablejourney.com/portugal/porto/festivals/sao-joao-do-porto/
Nit de Sant Joan,Barcelona,Spain,2027-06-23,2027-06-24,June,True,yearly,,Coca de Sant Joan and cava,True,https://tablejourney.com/spain/barcelona/festivals/nit-de-sant-joan/
Festas de Sao Pedro da Afurada,Porto,Portugal,2027-06-23,2027-07-06,June,False,yearly,Seafood festivals,"Grilled sardines, fogacas, broa",True,https://tablejourney.com/portugal/porto/festivals/festas-de-sao-pedro-da-afurada/
Midsummer Vilnius (Joninės),Vilnius,Lithuania,2027-06-23,2027-06-24,June,False,yearly,,Lithuanian summer,True,https://tablejourney.com/lithuania/vilnius/festivals/midsummer-vilnius/
Noche de San Juan,Málaga,Spain,2027-06-23,2027-06-24,June,True,yearly,Seafood festivals,"Beach bonfires, espetos and sardines",True,https://tablejourney.com/spain/malaga/festivals/noche-de-san-juan/
Smithsonian Folklife Festival,Washington DC,United States,2027-06-24,2027-07-05,June,False,yearly,,Country-themed food stalls (rotates each year),True,https://tablejourney.com/united-states/washington-dc/festivals/smithsonian-folklife-festival/
Festa di San Giovanni,Florence,Italy,2027-06-24,2027-06-24,June,False,yearly,Street food festivals,"Tuscan street food, schiacciata, lampredotto",True,https://tablejourney.com/italy/florence/festivals/san-giovanni-feast/
Food Taipei Mega Shows,Taipei,Taiwan,2027-06-24,2027-06-27,June,False,yearly,,International food trade exhibition,False,https://tablejourney.com/taiwan/taipei/festivals/food-taipei-mega-show/
Lepeltje Lepeltje,Utrecht,Netherlands,2027-06-25,2027-06-28,June,False,yearly,,Fine dining chefs serving affordable tasting plates,True,https://tablejourney.com/netherlands/utrecht/festivals/lepeltje-lepeltje-utrecht/
Festa de San Piero de Casteo,Venice,Italy,2027-06-25,2027-06-29,June,False,yearly,,"Venetian stand cooking: fried fish, bigoli in salsa, pasta e fasioi, sausages",True,https://tablejourney.com/italy/venice/festivals/festa-de-san-piero-de-casteo/
Craft Beer Helsinki,Helsinki,Finland,2027-06-25,2027-06-27,June,False,yearly,Beer festivals,Finnish and international craft beer,False,https://tablejourney.com/finland/helsinki/festivals/craft-beer-helsinki/
Birralguer Sardinian Craft Beer Festival,Alghero,Italy,2027-06-25,2027-06-28,June,True,yearly,Beer festivals; Street food festivals,Sardinian craft beer and street food,True,https://tablejourney.com/italy/alghero/festivals/birralguer-craft-beer-festival/
Concerts in the Plaza,San Luis Obispo,United States,2027-06-25,2027-06-25,June,True,yearly,Beer festivals,Food and drink vendors with free live music,True,https://tablejourney.com/united-states/san-luis-obispo/festivals/concerts-in-the-plaza/
FoodieLand Night Market San Jose,San Jose,United States,2027-06-26,2027-06-28,June,True,yearly,Street food festivals,Global street food (250-plus multicultural vendors),False,https://tablejourney.com/united-states/san-jose/festivals/foodieland-night-market-san-jose/
Panegyri Greek Festival,Cincinnati,United States,2027-06-26,2027-06-28,June,False,yearly,,Greek food and pastries,True,https://tablejourney.com/united-states/cincinnati/festivals/panegyri-greek-festival/
Asian Food Festival Rotterdam,Rotterdam,Netherlands,2027-06-26,2027-06-28,June,False,yearly,Street food festivals; Barbecue festivals,"Asian street food, ramen, Korean barbecue, bubble tea",True,https://tablejourney.com/netherlands/rotterdam/festivals/asian-food-festival-rotterdam/
Bricktown Blues & BBQ Festival,Oklahoma City,United States,2027-06-26,2027-06-27,June,False,yearly,Barbecue festivals,,,https://tablejourney.com/united-states/oklahoma-city/festivals/bricktown-blues-brews-bbq-festival/
"FIA Lisboa, Feira Internacional de Artesanato",Lisbon,Portugal,2027-06-26,2027-07-04,June,True,yearly,Street food festivals,"Portuguese regional cooking, world street food",False,https://tablejourney.com/portugal/lisbon/festivals/fia-lisboa/
Aarhus Jazz Festival Food Programme,Aarhus,Denmark,2027-06-26,2027-07-05,June,False,yearly,,Festival food and local restaurants,True,https://tablejourney.com/denmark/aarhus/festivals/aarhus-jazz-food-festival/
Pier 360 Beach Festival,Santa Monica,United States,2027-06-26,2027-06-27,June,True,yearly,Beer festivals,Beer garden and food vendors,True,https://tablejourney.com/united-states/santa-monica/festivals/pier-360-beach-festival/
Gastro Miasto Kraków,Kraków,Poland,2027-06-26,2027-06-28,June,False,yearly,Street food festivals; Cheese festivals,"Open-air street food and restaurant concepts: regional, Asian, Latin American and Middle Eastern dishes, cheese tastings",True,https://tablejourney.com/poland/krakow/festivals/gastro-miasto-krakow/
Giant National Capital BBQ Battle,Washington DC,United States,2027-06-27,2027-06-28,June,False,yearly,Barbecue festivals,American barbecue,False,https://tablejourney.com/united-states/washington-dc/festivals/giant-national-capital-bbq-battle/
Le Brunch des Halles de Dijon,Dijon,France,2027-06-27,2027-06-27,June,True,yearly,,Chef brunch under the covered market,False,https://tablejourney.com/france/dijon/festivals/brunch-des-halles-de-dijon/
German Village Haus und Garten Tour,Columbus,United States,2027-06-27,2027-06-27,June,True,yearly,,German,False,https://tablejourney.com/united-states/columbus/festivals/german-village-haus-und-garten/
Dia Nacional del Ceviche,Lima,Peru,2027-06-28,2027-06-28,June,False,yearly,,Ceviche,True,https://tablejourney.com/peru/lima/festivals/dia-nacional-del-ceviche/
Taste of Adams Avenue,San Diego,United States,2027-06-28,2027-06-28,June,False,yearly,,"Neighbourhood eats across Normal Heights, North Park, University Heights, Kensington",False,https://tablejourney.com/united-states/san-diego/festivals/taste-of-adams-avenue/
Sagra de San Piero di San Pietro in Volta,Venice,Italy,2027-06-28,2027-07-05,June,False,yearly,Harvest festivals,Fish specialities of the Pellestrina fishing villages,True,https://tablejourney.com/italy/venice/festivals/festa-di-san-pietro-in-volta/
RAMMY Awards,Washington DC,United States,2027-06-29,2027-06-29,June,False,yearly,,Restaurant industry awards gala,False,https://tablejourney.com/united-states/washington-dc/festivals/rammys-awards/
Aizen Matsuri,Osaka,Japan,2027-06-30,2027-07-02,June,True,yearly,Street food festivals,Festival stalls at the temple,,https://tablejourney.com/japan/osaka/festivals/aizen-matsuri/
Gion Matsuri,Kyoto,Japan,2027-07-01,2027-07-31,July,False,yearly,Street food festivals,Yatai street food,True,https://tablejourney.com/japan/kyoto/festivals/gion-matsuri/
Hakata Gion Yamakasa,Fukuoka,Japan,2027-07-01,2027-07-15,July,False,yearly,,Festival food carts and yatai across Hakata,True,https://tablejourney.com/japan/fukuoka/festivals/hakata-gion-yamakasa/
Bascarsijske Noci,Sarajevo,Bosnia and Herzegovina,2027-07-01,2027-07-31,July,False,yearly,Street food festivals,"Bosnian street food, music",True,https://tablejourney.com/bosnia-and-herzegovina/sarajevo/festivals/bascarsijske-noci/
Festiwal Kultury Żydowskiej (Jewish Culture Festival),Kraków,Poland,2027-07-01,2027-07-05,July,False,yearly,,Polish-Jewish food and culture,False,https://tablejourney.com/poland/krakow/festivals/jewish-culture-festival/
Key Lime Festival,Key West,United States,2027-07-01,2027-07-05,July,True,yearly,,Key lime pie,True,https://tablejourney.com/united-states/key-west/festivals/key-lime-festival/
Wine Festival of Dafnes,Heraklion,Greece,2027-07-01,2027-07-31,July,True,yearly,Wine festivals,Cretan wine,True,https://tablejourney.com/greece/heraklion/festivals/dafnes-wine-festival/
FineDiningWeek (Warsaw),Warsaw,Poland,2027-07-01,2027-08-13,July,True,yearly,,Fine-dining tasting menus,False,https://tablejourney.com/poland/warsaw/festivals/fine-dining-week-warsaw/
Tout le Monde Dehors,Lyon,France,2027-07-01,2027-08-30,July,False,yearly,,Outdoor music + food vendors,True,https://tablejourney.com/france/lyon/festivals/tout-le-monde-dehors/
Ommegang and the Renaissance Market,Brussels,Belgium,2027-07-01,2027-07-04,July,False,yearly,,Renaissance market food and drink,False,https://tablejourney.com/belgium/brussels/festivals/ommegang/
Feria de Julio,Valencia,Spain,2027-07-01,2027-07-26,July,False,yearly,,No dedicated food programme; summer evenings around free concerts and fireworks,True,https://tablejourney.com/spain/valencia/festivals/feria-de-julio/
GRUB Summer Market,Manchester,United Kingdom,2027-07-02,2027-07-04,July,True,yearly,Beer festivals; Street food festivals,"Street food, craft beer",True,https://tablejourney.com/united-kingdom/manchester/festivals/grub-summer-market/
Isola Birra,Cagliari,Italy,2027-07-02,2027-07-04,July,True,yearly,Beer festivals; Street food festivals,Sardinian and Italian craft beer,True,https://tablejourney.com/italy/cagliari/festivals/isola-birra-cagliari/
Les Estivales de Montpellier,Montpellier,France,2027-07-03,2027-08-28,July,True,yearly,Street food festivals,"Languedoc winegrower stalls, food trucks and open-air concerts",True,https://tablejourney.com/france/montpellier/festivals/les-estivales-de-montpellier/
Summerlicious,Toronto,Canada,2027-07-03,2027-07-19,July,False,yearly,,Toronto restaurants prix fixe,True,https://tablejourney.com/canada/toronto/festivals/summerlicious/
Sustainable Seafood Fest,Cape Town,South Africa,2027-07-03,2027-07-04,July,True,yearly,Seafood festivals,Cape seafood,True,https://tablejourney.com/south-africa/cape-town/festivals/sustainable-seafood-fest/
Delhi Mango Festival,Delhi,India,2027-07-03,2027-07-05,July,False,yearly,,Mangoes: more than 400 varieties from growers across India,,https://tablejourney.com/india/delhi/festivals/delhi-mango-festival/
TAPT Festival Utrecht,Utrecht,Netherlands,2027-07-03,2027-07-04,July,False,yearly,Beer festivals; Wine festivals; Street food festivals,"Craft beer, cocktails and food trucks",False,https://tablejourney.com/netherlands/utrecht/festivals/tapt-festival-utrecht/
Flavours of Fingal County Show,Dublin,Ireland,2027-07-03,2027-07-04,July,False,yearly,,Fingal food producers and chef demonstrations,True,https://tablejourney.com/ireland/dublin/festivals/flavours-of-fingal/
Matariki Festival,Auckland,New Zealand,2027-07-04,2027-07-19,July,False,yearly,,"Maori midwinter feasts (hangi), kai-themed events",True,https://tablejourney.com/new-zealand/auckland/festivals/matariki-festival/
Music City Hot Chicken Festival,Nashville,United States,2027-07-04,2027-07-04,July,False,yearly,,Hot chicken,True,https://tablejourney.com/united-states/nashville/festivals/music-city-hot-chicken-festival/
Tanabata Matsuri da Liberdade,São Paulo,Brazil,2027-07-04,2027-07-05,July,True,yearly,Street food festivals,Japanese street food,True,https://tablejourney.com/brazil/sao-paulo/festivals/tanabata-matsuri-liberdade/
Magdalenenfest,Munich,Germany,2027-07-04,2027-07-19,July,False,yearly,Beer festivals,"Bavarian fairground food, beer garden",True,https://tablejourney.com/germany/munich/festivals/magdalenenfest-hirschgarten/
Fêtes de la Vigne,Dijon,France,2027-07-04,2027-07-12,July,True,yearly,Wine festivals,Burgundy wine and folk-festival food,True,https://tablejourney.com/france/dijon/festivals/fetes-de-la-vigne-dijon/
Festa della Madonna di Marina,Venice,Italy,2027-07-05,2027-07-12,July,False,yearly,,Pasta alla malamocchina and lagoon dishes at the evening stands,True,https://tablejourney.com/italy/venice/festivals/festa-della-madonna-di-marina-malamocco/
Festival de Gastronomia de Braga,Braga,Portugal,2027-07-06,2027-07-16,July,False,yearly,Wine festivals,Minho regional gastronomy and traditional Portuguese,True,https://tablejourney.com/portugal/braga/festivals/gastronomia-de-braga/
Lexington Burger Week,Lexington,United States,2027-07-06,2027-07-12,July,True,yearly,,Burgers,True,https://tablejourney.com/united-states/lexington/festivals/lexington-burger-week/
Napoli Pizza Village,Naples,Italy,2027-07-07,2027-07-12,July,False,yearly,,Neapolitan pizza,True,https://tablejourney.com/italy/naples/festivals/napoli-pizza-village/
Taste of Chicago,Chicago,United States,2027-07-08,2027-07-12,July,False,yearly,,Cross-cuisine sampler,True,https://tablejourney.com/united-states/chicago/festivals/taste-of-chicago/
Feast of Our Lady of Mount Carmel and the Giglio,New York City,United States,2027-07-08,2027-07-19,July,True,yearly,,Italian American feast food,True,https://tablejourney.com/united-states/new-york-city/festivals/giglio-feast-williamsburg/
Windy City Smokeout,Chicago,United States,2027-07-08,2027-07-12,July,False,yearly,Barbecue festivals,Barbecue and country music,False,https://tablejourney.com/united-states/chicago/festivals/windy-city-smokeout/
Bear Paw Festival,Anchorage,United States,2027-07-08,2027-07-12,July,False,yearly,,"Food vendors, carnival food",True,https://tablejourney.com/united-states/anchorage/festivals/bear-paw-festival/
Bilbao BBK Live,Bilbao,Spain,2027-07-08,2027-07-10,July,True,yearly,,"Festival food stalls with vegetarian, vegan and gluten-free options",False,https://tablejourney.com/spain/bilbao/festivals/bilbao-bbk-live/
Bastille Days,Milwaukee,United States,2027-07-09,2027-07-12,July,False,yearly,Wine festivals,French,True,https://tablejourney.com/united-states/milwaukee/festivals/bastille-days/
Dine Downtown San Jose (Restaurant Week),San Jose,United States,2027-07-09,2027-07-19,July,True,yearly,,Multi-cuisine (prix fixe menus at 30-plus downtown restaurants),True,https://tablejourney.com/united-states/san-jose/festivals/dine-downtown-san-jose/
Feria del Molote,Puebla,Mexico,2027-07-09,2027-07-11,July,True,yearly,Seafood festivals,Molotes,True,https://tablejourney.com/mexico/puebla/festivals/feria-del-molote-san-pedro-cholula/
Festival do Japão,São Paulo,Brazil,2027-07-10,2027-07-12,July,True,yearly,,Japanese,False,https://tablejourney.com/brazil/sao-paulo/festivals/festival-do-japao/
Franschhoek Bastille Festival,Cape Town,South Africa,2027-07-10,2027-07-11,July,True,yearly,Wine festivals; Cheese festivals,French influenced Cape cooking and wine,False,https://tablejourney.com/south-africa/cape-town/festivals/franschhoek-bastille-festival/
Convites Populares (Guelaguetza opener),Oaxaca,Mexico,2027-07-10,2027-07-11,July,False,yearly,,Indigenous food and dance,True,https://tablejourney.com/mexico/oaxaca/festivals/convite-popular-guelaguetza/
Festa Italiana Milwaukee,Milwaukee,United States,2027-07-10,2027-07-12,July,False,yearly,,Italian-American,False,https://tablejourney.com/united-states/milwaukee/festivals/festa-italiana/
Parker County Peach Festival,Fort Worth,United States,2027-07-10,2027-07-10,July,True,yearly,,Local peaches and peach food competition,,https://tablejourney.com/united-states/fort-worth/festivals/parker-county-peach-festival-weatherford/
Lotus Festival (Echo Park Lake),Los Angeles,United States,2027-07-11,2027-07-12,July,True,yearly,Beer festivals; Wine festivals; Street food festivals,"Asian and Pacific Islander street food, beer and wine garden",True,https://tablejourney.com/united-states/los-angeles/festivals/lotus-festival-echo-park/
Taste of Buffalo,Buffalo,United States,2027-07-12,2027-07-13,July,False,yearly,,Buffalo restaurants,True,https://tablejourney.com/united-states/buffalo/festivals/taste-of-buffalo/
Vancouver Craft Beer and Music Festival (VCBW),Vancouver,Canada,2027-07-12,2027-07-12,July,False,yearly,Beer festivals,BC craft beer festival,False,https://tablejourney.com/canada/vancouver/festivals/vancouver-craft-beer-week/
Glasgow Vegan Festival,Glasgow,United Kingdom,2027-07-12,2027-07-12,July,True,yearly,Street food festivals; Vegan and vegetarian festivals,Vegan,False,https://tablejourney.com/united-kingdom/glasgow/festivals/glasgow-vegan-festival/
Festino di Santa Rosalia,Palermo,Italy,2027-07-14,2027-07-15,July,False,yearly,Street food festivals,"Sicilian street food, babbaluci (snails), watermelon",True,https://tablejourney.com/italy/palermo/festivals/festino-santa-rosalia/
Liwa Dates Festival,Abu Dhabi,United Arab Emirates,2027-07-14,2027-07-23,July,False,yearly,Harvest festivals,"Emirati dates and rutab, farmers' competitions, date products",True,https://tablejourney.com/united-arab-emirates/abu-dhabi/festivals/liwa-dates-festival/
Velá de Santa Ana,Seville,Spain,2027-07-14,2027-07-26,July,True,yearly,Street food festivals,"Pescaito frito, sherry, Triana street food",True,https://tablejourney.com/spain/seville/festivals/vela-de-santa-ana/
Concert of Colors,Detroit,United States,2027-07-15,2027-07-19,July,False,yearly,Street food festivals,"International food, music",True,https://tablejourney.com/united-states/detroit/festivals/concert-of-colors/
Gentse Feesten,Ghent,Belgium,2027-07-16,2027-07-25,July,True,yearly,Street food festivals,,,https://tablejourney.com/belgium/ghent/festivals/gentse-feesten/
Picklesburgh,Pittsburgh,United States,2027-07-16,2027-07-19,July,False,yearly,,Pickles and pickled foods,True,https://tablejourney.com/united-states/pittsburgh/festivals/picklesburgh/
Bastille Festival Sydney,Sydney,Australia,2027-07-16,2027-07-19,July,False,yearly,Wine festivals; Seafood festivals; Cheese festivals,French,True,https://tablejourney.com/australia/sydney/festivals/bastille-on-castlereagh/
Caminos y Sabores,Buenos Aires,Argentina,2027-07-16,2027-07-19,July,False,yearly,Harvest festivals,Argentine regional,False,https://tablejourney.com/argentina/buenos-aires/festivals/caminos-y-sabores/
California Wine Festival Santa Barbara,Santa Barbara,United States,2027-07-16,2027-07-17,July,True,yearly,Wine festivals; Barbecue festivals,Wine,False,https://tablejourney.com/united-states/santa-barbara/festivals/california-wine-festival-santa-barbara/
Festival Napa Valley,Napa,United States,2027-07-16,2027-07-25,July,True,yearly,,,,https://tablejourney.com/united-states/napa/festivals/festival-napa-valley/
Fiesta de la Virgen del Carmen,Málaga,Spain,2027-07-16,2027-07-16,July,True,yearly,,Beach espetos and fried fish,True,https://tablejourney.com/spain/malaga/festivals/fiesta-de-la-virgen-del-carmen/
Festa del Redentore,Venice,Italy,2027-07-17,2027-07-18,July,True,yearly,,"Sarde in saor, bigoli in salsa eaten on boats",True,https://tablejourney.com/italy/venice/festivals/festa-del-redentore/
Feria Internacional del Mezcal,Oaxaca,Mexico,2027-07-17,2027-07-28,July,False,yearly,Beer festivals,Mezcal,False,https://tablejourney.com/mexico/oaxaca/festivals/feria-internacional-del-mezcal/
Vermont Brewers Festival,Burlington,United States,2027-07-17,2027-07-18,July,True,yearly,Beer festivals,Vermont craft beer,False,https://tablejourney.com/united-states/burlington/festivals/vermont-brewers-festival/
California State Fair,Sacramento,United States,2027-07-17,2027-08-02,July,False,yearly,Wine festivals,"California agriculture, wine and food competition",False,https://tablejourney.com/united-states/sacramento/festivals/california-state-fair/
Honolulu Night Market Kakaako,Honolulu,United States,2027-07-17,2027-07-17,July,True,yearly,Beer festivals; Street food festivals,"Hawaii street food, craft cocktails, music",True,https://tablejourney.com/united-states/honolulu/festivals/honolulu-night-market-kakaako/
Bristol Harbour Festival,Bristol,United Kingdom,2027-07-17,2027-07-19,July,True,yearly,Street food festivals,Street food and maritime Bristol,True,https://tablejourney.com/united-kingdom/bristol/festivals/bristol-harbour-festival/
Foire du Midi (Zuidfoor),Brussels,Belgium,2027-07-18,2027-08-23,July,False,yearly,Chocolate and dessert festivals,Belgian fairground food,True,https://tablejourney.com/belgium/brussels/festivals/foire-du-midi/
Taste of Tremont,Cleveland,United States,2027-07-19,2027-07-19,July,False,yearly,,Tremont neighborhood restaurants: small bites from every kitchen on Professor Avenue,True,https://tablejourney.com/united-states/cleveland/festivals/taste-of-tremont/
Guelaguetza,Oaxaca,Mexico,2027-07-20,2027-07-27,July,False,yearly,,Indigenous Oaxacan dance and food,False,https://tablejourney.com/mexico/oaxaca/festivals/guelaguetza/
Resto National,Brussels,Belgium,2027-07-21,2027-07-21,July,False,yearly,Beer festivals; Seafood festivals,Mussels and fries,False,https://tablejourney.com/belgium/brussels/festivals/resto-national/
Fiesta del Sol,Chicago,United States,2027-07-23,2027-07-26,July,False,yearly,,"Mexican food festival, Pilsen",True,https://tablejourney.com/united-states/chicago/festivals/fiesta-del-sol-pilsen/
Sapporo Odori Beer Garden,Sapporo,Japan,2027-07-23,2027-08-18,July,False,yearly,Beer festivals,Beer-and-jingisukan,True,https://tablejourney.com/japan/sapporo/festivals/sapporo-odori-beer-garden/
Bollekesfeest,Antwerp,Belgium,2027-07-23,2027-07-26,July,False,yearly,Beer festivals; Street food festivals,"Bolleke beer, Belgian street food",True,https://tablejourney.com/belgium/antwerp/festivals/bollekesfeest/
Sapporo Summer Festival,Sapporo,Japan,2027-07-23,2027-08-18,July,False,yearly,Beer festivals; Wine festivals,Beer-and-jingisukan,True,https://tablejourney.com/japan/sapporo/festivals/sapporo-summer-festival/
Lexington Restaurant Week,Lexington,United States,2027-07-23,2027-08-02,July,True,yearly,,Set menus city-wide,True,https://tablejourney.com/united-states/lexington/festivals/lexington-restaurant-week/
Amsterdamse Terrassen Festival,Amsterdam,Netherlands,2027-07-23,2027-07-26,July,False,yearly,,Terrace food and drink from city restaurants,False,https://tablejourney.com/netherlands/amsterdam/festivals/amsterdamse-terrassen-festival/
Galbani Buffalo Italian Heritage Festival,Buffalo,United States,2027-07-23,2027-07-25,July,True,yearly,,Italian-American food,True,https://tablejourney.com/united-states/buffalo/festivals/hertel-avenue-italian-festival/
Glier's Goettafest,Cincinnati,United States,2027-07-23,2027-08-02,July,False,yearly,,Goetta and German food,True,https://tablejourney.com/united-states/cincinnati/festivals/glier-s-goettafest/
St Dominic's Fair (Jarmark Świętego Dominika),Gdańsk,Poland,2027-07-24,2027-08-15,July,True,yearly,,"Polish regional, bread, sweets, world cuisines",True,https://tablejourney.com/poland/gdansk/festivals/st-dominics-fair/
Bratislava Coronation Days,Bratislava,Slovakia,2027-07-24,2027-07-26,July,False,yearly,Wine festivals,"Historic goulash, Slovak coronation foods and wine",True,https://tablejourney.com/slovakia/bratislava/festivals/bratislava-coronation-days/
Edinburgh Food Festival,Edinburgh,United Kingdom,2027-07-24,2027-08-02,July,False,yearly,,Multi-cuisine outdoor festival on George Square,True,https://tablejourney.com/united-kingdom/edinburgh/festivals/edinburgh-food-festival/
German Fest Milwaukee,Milwaukee,United States,2027-07-24,2027-07-26,July,False,yearly,,German,False,https://tablejourney.com/united-states/milwaukee/festivals/german-fest/
The Curated Plate,Brisbane,Australia,2027-07-24,2027-08-02,July,False,yearly,,"Sunshine Coast producers, chef collaborations",False,https://tablejourney.com/australia/brisbane/festivals/curated-plate/
Pierogi Fest,Chicago,United States,2027-07-24,2027-07-26,July,True,yearly,Beer festivals,Pierogi and Polish-American,True,https://tablejourney.com/united-states/chicago/festivals/pierogi-fest-whiting/
Bite of Seattle,Seattle,United States,2027-07-24,2027-07-26,July,False,yearly,Beer festivals; Wine festivals,"Pacific Northwest food, craft beer, music",True,https://tablejourney.com/united-states/seattle/festivals/bite-of-seattle/
Pioneer Day,Salt Lake City,United States,2027-07-24,2027-07-24,July,False,yearly,Barbecue festivals,Mormon pioneer cuisine,True,https://tablejourney.com/united-states/salt-lake-city/festivals/pioneer-day/
Merchant City Festival,Glasgow,United Kingdom,2027-07-24,2027-08-02,July,True,yearly,Street food festivals,Street food,True,https://tablejourney.com/united-kingdom/glasgow/festivals/merchant-city-festival/
Tenjin Matsuri,Osaka,Japan,2027-07-24,2027-07-25,July,True,yearly,Street food festivals,,,https://tablejourney.com/japan/osaka/festivals/tenjin-matsuri/
Chiles en Nogada Patriotic Season,Mexico City,Mexico,2027-07-25,2027-09-15,July,False,yearly,,Chiles en nogada,True,https://tablejourney.com/mexico/mexico-city/festivals/chiles-en-nogada-season/
Gastro Miasto,Wrocław,Poland,2027-07-25,2027-07-27,July,False,yearly,Beer festivals; Street food festivals,"Street food, craft beer, international cuisine",True,https://tablejourney.com/poland/wroclaw/festivals/gastro-miasto/
San Inazio Basque Festival,Boise,United States,2027-07-25,2027-07-25,July,True,yearly,Wine festivals,Basque,True,https://tablejourney.com/united-states/boise/festivals/san-inazio-basque-festival-boise/
Bread Festival (Święto Chleba),Gdańsk,Poland,2027-07-25,2027-07-26,July,False,yearly,,Polish artisan breads,True,https://tablejourney.com/poland/gdansk/festivals/bread-festival/
Manchester Craft Brew Festival,Manchester,United Kingdom,2027-07-25,2027-07-25,July,True,yearly,Beer festivals; Street food festivals,"Craft beer, cider and street food",False,https://tablejourney.com/united-kingdom/manchester/festivals/manchester-craft-brew-festival/
Exposicion Rural (La Rural),Buenos Aires,Argentina,2027-07-25,2027-08-07,July,False,yearly,Cheese festivals,Argentine beef and dairy,False,https://tablejourney.com/argentina/buenos-aires/festivals/exposicion-rural/
Beer Bourbon and BBQ Festival,Richmond,United States,2027-07-25,2027-07-25,July,False,yearly,Beer festivals; Barbecue festivals,"Craft beer, bourbon, barbecue",False,https://tablejourney.com/united-states/richmond/festivals/beer-bourbon-bbq-festival-rva/
Courtland Pear Fair,Sacramento,United States,2027-07-25,2027-07-25,July,True,yearly,Beer festivals; Wine festivals; Harvest festivals,"Bartlett pear pies, pancake breakfast, wine and beer garden",True,https://tablejourney.com/united-states/sacramento/festivals/courtland-pear-fair/
Dadaocheng Summer Festival,Taipei,Taiwan,2027-07-25,2027-08-15,July,True,yearly,,"Dihua Street eateries, riverside food stalls",True,https://tablejourney.com/taiwan/taipei/festivals/dadaocheng-summer-festival/
Love Eccles Festival,Manchester,United Kingdom,2027-07-25,2027-07-25,July,True,yearly,,"Community stalls, family day",True,https://tablejourney.com/united-kingdom/manchester/festivals/love-eccles-festival/
Providence Restaurant Weeks (Summer),Providence,United States,2027-07-26,2027-08-08,July,True,yearly,,Citywide prix-fixe menus,True,https://tablejourney.com/united-states/providence/festivals/providence-restaurant-weeks-summer/
Festa della Madonna dell'Apparizione,Venice,Italy,2027-07-26,2027-08-04,July,False,yearly,,"Kitchen of typical Pellestrina dishes, served nightly on the piazzale",True,https://tablejourney.com/italy/venice/festivals/festa-della-madonna-dell-apparizione/
Capay Tomato Festival,Sacramento,United States,2027-07-27,2027-07-27,July,False,yearly,,Capay Valley heirloom tomatoes and farm tasting,False,https://tablejourney.com/united-states/sacramento/festivals/capay-tomato-festival/
Galway Races Festival Hospitality,Galway,Ireland,2027-07-28,2027-08-02,July,False,yearly,Seafood festivals,"Hospitality dining, seafood marquees, Irish beef",False,https://tablejourney.com/ireland/galway/festivals/galway-races-food-week/
Nashville Wine Auction l'Été du Vin,Nashville,United States,2027-07-29,2027-07-31,July,False,yearly,Wine festivals,Wine and chef collaborations,False,https://tablejourney.com/united-states/nashville/festivals/nashville-wine-auction/
Birmingham Restaurant Week,Birmingham,United States,2027-07-30,2027-08-08,July,True,yearly,,Local restaurants,True,https://tablejourney.com/united-states/birmingham-al/festivals/birmingham-restaurant-week/
Het Wijn Festijn Utrecht,Utrecht,Netherlands,2027-07-30,2027-08-01,July,True,yearly,Wine festivals,"International wines, Dutch snacks, live music",False,https://tablejourney.com/netherlands/utrecht/festivals/het-wijn-festijn-utrecht/
Sumiyoshi Matsuri,Osaka,Japan,2027-07-30,2027-08-01,July,True,yearly,Street food festivals,,,https://tablejourney.com/japan/osaka/festivals/sumiyoshi-matsuri/
Crave Food + Music Festival,Lexington,United States,2027-07-31,2027-08-01,July,True,yearly,Beer festivals; Street food festivals,"Local restaurants, food trucks, craft beer",False,https://tablejourney.com/united-states/lexington/festivals/crave-lexington/
Garden Walk Buffalo,Buffalo,United States,2027-07-31,2027-08-01,July,True,yearly,,Free garden tour with food vendor kiosks,True,https://tablejourney.com/united-states/buffalo/festivals/garden-walk-buffalo/
Taiwan Culinary Exhibition,Taipei,Taiwan,2027-07-31,2027-08-03,July,True,yearly,,Taiwanese cuisine showcase,False,https://tablejourney.com/taiwan/taipei/festivals/taiwan-culinary-exhibition/
Mainfest,Frankfurt,Germany,2027-07-31,2027-08-03,July,True,yearly,,Riverside fairground food and regional plates,True,https://tablejourney.com/germany/frankfurt/festivals/mainfest/
Ilgwang Sea Festival,Busan,South Korea,2027-07-31,2027-08-02,July,False,yearly,Seafood festivals,Seafood,True,https://tablejourney.com/south-korea/busan/festivals/ilgwang-sea-festival/
Auckland Restaurant Month,Auckland,New Zealand,2027-08-01,2027-08-31,August,False,yearly,,Multi-cuisine prix-fixe across Auckland restaurants,True,https://tablejourney.com/new-zealand/auckland/festivals/auckland-restaurant-month/
Festa de Nossa Senhora Achiropita,São Paulo,Brazil,2027-08-01,2027-08-30,August,True,yearly,Wine festivals,Italian,True,https://tablejourney.com/brazil/sao-paulo/festivals/festa-de-nossa-senhora-achiropita/
Foire aux Vins d'Alsace,Strasbourg,France,2027-08-01,2027-08-09,August,False,yearly,Wine festivals,Alsace wine,False,https://tablejourney.com/france/strasbourg/festivals/foire-aux-vins-alsace-colmar/
Houdetsi Festival,Heraklion,Greece,2027-08-01,2027-08-04,August,True,yearly,,Cretan music and village food,True,https://tablejourney.com/greece/heraklion/festivals/houdetsi-festival/
Kraeftskiva (Crayfish Party Season),Gothenburg,Sweden,2027-08-01,2027-08-01,August,True,yearly,,,,https://tablejourney.com/sweden/gothenburg/festivals/kraeftskiva-crayfish-party/
Park Avenue Summer Stroll,Rochester,United States,2027-08-01,2027-08-01,August,False,yearly,,"Park Avenue restaurants and cafes, open through the day",,https://tablejourney.com/united-states/rochester/festivals/park-ave-summer-stroll/
Phuket Lobster Festival,Phuket,Thailand,2027-08-01,2027-08-31,August,True,yearly,Seafood festivals,Phuket lobster and seafood,True,https://tablejourney.com/thailand/phuket/festivals/phuket-lobster-festival/
Beer Mania,Chișinău,Moldova,2027-08-01,2027-08-03,August,False,yearly,Beer festivals,"Moldovan craft beer, grills",False,https://tablejourney.com/moldova/chisinau/festivals/beer-mania/
Brisbane Beer Fest,Brisbane,Australia,2027-08-01,2027-08-01,August,True,yearly,Beer festivals; Street food festivals; Barbecue festivals,"Craft beer, BBQ and smoked meat trucks",False,https://tablejourney.com/australia/brisbane/festivals/brisbane-beer-fest/
Fete de la Biere de Schiltigheim,Strasbourg,France,2027-08-01,2027-08-03,August,False,yearly,Beer festivals,Alsace beer,True,https://tablejourney.com/france/strasbourg/festivals/fete-de-la-biere-schiltigheim/
Pittsburgh Soul Food Festival,Pittsburgh,United States,2027-08-01,2027-08-01,August,False,yearly,,Soul food,True,https://tablejourney.com/united-states/pittsburgh/festivals/pittsburgh-soul-food-festival/
Heaton Park Food & Drink Festival,Manchester,United Kingdom,2027-08-01,2027-08-02,August,False,yearly,Street food festivals,"Street food, international food stalls and live chef demonstrations",False,https://tablejourney.com/united-kingdom/manchester/festivals/heaton-park-food-and-drink-festival/
Swieto Wisly,Warsaw,Poland,2027-08-02,2027-08-02,August,False,yearly,,"Riverside grills, bring your own provisions",True,https://tablejourney.com/poland/warsaw/festivals/swieto-wisly/
Maine Lobster Festival (Rockland),Portland,United States,2027-08-04,2027-08-08,August,True,yearly,Beer festivals; Seafood festivals,"Maine lobster, seafood, Maine craft beer",False,https://tablejourney.com/united-states/portland-maine/festivals/maine-lobster-festival-rockland/
Weinfest am Rhein,Cologne,Germany,2027-08-04,2027-08-08,August,True,yearly,Wine festivals,,,https://tablejourney.com/germany/cologne/festivals/weinfest-am-rhein/
Festa da Broa de Avintes,Porto,Portugal,2027-08-04,2027-08-09,August,False,yearly,,"Broa de Avintes, Portuguese bread",True,https://tablejourney.com/portugal/porto/festivals/festa-da-broa-de-avintes/
Wisconsin State Fair,Milwaukee,United States,2027-08-05,2027-08-15,August,True,yearly,,Wisconsin classics,False,https://tablejourney.com/united-states/milwaukee/festivals/wisconsin-state-fair/
Jaipur Teej Festival,Jaipur,India,2027-08-05,2027-08-06,August,True,yearly,,"Ghewar, the sweet closely associated with Teej, from walled-city sweet shops such as Sambhar Fini Wala in Johari Bazaar",True,https://tablejourney.com/india/jaipur/festivals/jaipur-teej-festival/
Old Spanish Days Fiesta - El Mercado De La Guerra,Santa Barbara,United States,2027-08-05,2027-08-08,August,False,yearly,,Spanish and Mexican,True,https://tablejourney.com/united-states/santa-barbara/festivals/old-spanish-days-fiesta-mercado/
Frankfurter Apfelweinfestival,Frankfurt,Germany,2027-08-06,2027-08-15,August,True,yearly,Wine festivals,Apfelwein and Hessian classics,True,https://tablejourney.com/germany/frankfurt/festivals/frankfurt-apfelweinfestival/
Edinburgh Fringe Street Food,Edinburgh,United Kingdom,2027-08-06,2027-08-30,August,True,yearly,Street food festivals,Multi-cuisine street food during the Fringe,True,https://tablejourney.com/united-kingdom/edinburgh/festivals/edinburgh-fringe-street-food/
Feast of Saint Agrippina,Boston,United States,2027-08-06,2027-08-09,August,False,yearly,Street food festivals,Sicilian American street food,True,https://tablejourney.com/united-states/boston/festivals/feast-of-saint-agrippina/
Valley Fest,Bristol,United Kingdom,2027-08-06,2027-08-08,August,True,yearly,,"Farm food, chef demos and live-fire feasts",False,https://tablejourney.com/united-kingdom/bristol/festivals/valley-fest/
Indiana State Fair,Indianapolis,United States,2027-08-07,2027-08-23,August,False,yearly,,American fair food,False,https://tablejourney.com/united-states/indianapolis/festivals/indiana-state-fair/
Ekka (Royal Queensland Show),Brisbane,Australia,2027-08-07,2027-08-15,August,True,yearly,Wine festivals,"Strawberry sundaes, Dagwood dogs, Queensland produce and wine",False,https://tablejourney.com/australia/brisbane/festivals/ekka-royal-queensland-show/
Capitol Hill Block Party,Seattle,United States,2027-08-07,2027-08-09,August,False,yearly,Street food festivals,Food trucks and Capitol Hill restaurants alongside music,False,https://tablejourney.com/united-states/seattle/festivals/capitol-hill-block-party/
Foodies Festival Edinburgh,Edinburgh,United Kingdom,2027-08-07,2027-08-09,August,False,yearly,Street food festivals,Chef-demonstration food festival,False,https://tablejourney.com/united-kingdom/edinburgh/festivals/foodies-festival-edinburgh/
Edinburgh International Festival,Edinburgh,United Kingdom,2027-08-07,2027-08-30,August,False,yearly,,"Eating out around the August festivals: independent restaurants, bars and cafes",True,https://tablejourney.com/united-kingdom/edinburgh/festivals/edinburgh-international-festival-food/
Feria de la Cecina,Puebla,Mexico,2027-08-07,2027-08-08,August,True,yearly,,Cecina,True,https://tablejourney.com/mexico/puebla/festivals/feria-de-la-cecina-atlixco/
Wrocław Feta Festival,Wrocław,Poland,2027-08-07,2027-08-09,August,True,yearly,Wine festivals,"Regional cheeses, wine, local producers",True,https://tablejourney.com/poland/wroclaw/festivals/wroclaw-feta-festival/
Nisei Week Japanese Festival,Los Angeles,United States,2027-08-08,2027-08-16,August,True,yearly,Street food festivals,"Japanese, Little Tokyo street food",True,https://tablejourney.com/united-states/los-angeles/festivals/nisei-week-japanese/
Pueblo Revolt Day,Albuquerque,United States,2027-08-08,2027-08-10,August,False,yearly,Harvest festivals,"Pueblo Harvest restaurant: Indigenous and Southwestern cooking, posole",True,https://tablejourney.com/united-states/albuquerque/festivals/pueblo-revolt-day/
Detroit Foodie Fair,Detroit,United States,2027-08-08,2027-08-08,August,True,yearly,,"Local makers, restaurants, vegan",True,https://tablejourney.com/united-states/detroit/festivals/detroit-foodie-fair/
San Diego Brew Fest,San Diego,United States,2027-08-08,2027-08-08,August,False,yearly,Beer festivals; Street food festivals,Craft beer,False,https://tablejourney.com/united-states/san-diego/festivals/san-diego-brew-fest/
Federal Hill Summer Festival,Providence,United States,2027-08-09,2027-08-11,August,False,yearly,,"Italian food, live music, restaurant block party",True,https://tablejourney.com/united-states/providence/festivals/federal-hill-summer-festival/
Meyboom,Brussels,Belgium,2027-08-09,2027-08-09,August,False,yearly,Beer festivals,Brussels beer and folklore,True,https://tablejourney.com/belgium/brussels/festivals/meyboom/
Festa di San Lorenzo,Florence,Italy,2027-08-10,2027-08-10,August,True,yearly,,"Pasta al ragu, watermelon",True,https://tablejourney.com/italy/florence/festivals/festa-di-san-lorenzo/
Key West Lobsterfest,Key West,United States,2027-08-11,2027-08-15,August,True,yearly,Seafood festivals,Florida spiny lobster,True,https://tablejourney.com/united-states/key-west/festivals/key-west-lobsterfest/
Øyafestivalen,Oslo,Norway,2027-08-11,2027-08-14,August,True,yearly,,Organic festival food from Oslo restaurants,False,https://tablejourney.com/norway/oslo/festivals/oyafestivalen/
Iowa State Fair,Des Moines,United States,2027-08-12,2027-08-22,August,True,yearly,,,,https://tablejourney.com/united-states/des-moines/festivals/iowa-state-fair/
Cork on a Fork Fest,Cork,Ireland,2027-08-12,2027-08-16,August,True,yearly,,,,https://tablejourney.com/ireland/cork/festivals/cork-on-a-fork-fest/
Way Out West,Gothenburg,Sweden,2027-08-12,2027-08-14,August,True,yearly,Vegan and vegetarian festivals,Vegetarian festival food,,https://tablejourney.com/sweden/gothenburg/festivals/way-out-west-goteborg/
Big Grill Festival,Dublin,Ireland,2027-08-12,2027-08-15,August,False,yearly,Beer festivals; Barbecue festivals,Live fire barbecue and craft beer,False,https://tablejourney.com/ireland/dublin/festivals/big-grill-festival/
Festiwal Pierogów (Pierogi Festival),Kraków,Poland,2027-08-12,2027-08-16,August,True,yearly,,Pierogi,True,https://tablejourney.com/poland/krakow/festivals/pierogi-festival/
Feast of the Assumption,Cleveland,United States,2027-08-13,2027-08-16,August,False,yearly,Street food festivals,"Italian-American street food, pasta, cassata, cannoli, sausage and peppers",True,https://tablejourney.com/united-states/cleveland/festivals/feast-of-the-assumption-little-italy/
Taste of the Danforth,Toronto,Canada,2027-08-13,2027-08-15,August,True,yearly,,Greek and multicultural,True,https://tablejourney.com/canada/toronto/festivals/taste-of-the-danforth/
Milwaukee Irish Fest,Milwaukee,United States,2027-08-13,2027-08-16,August,False,yearly,,Irish,False,https://tablejourney.com/united-states/milwaukee/festivals/irish-fest/
Bloomfield Little Italy Days,Pittsburgh,United States,2027-08-13,2027-08-16,August,False,yearly,,Italian food and culture,True,https://tablejourney.com/united-states/pittsburgh/festivals/little-italy-days/
HKTDC Food Expo,Hong Kong,Hong Kong,2027-08-13,2027-08-17,August,True,yearly,Wine festivals,"Asian pantry, confectionery, wine and spirits",False,https://tablejourney.com/hong-kong/hong-kong/festivals/hktdc-food-expo/
Wine Lands at Outside Lands,San Francisco,United States,2027-08-13,2027-08-15,August,True,yearly,Wine festivals,Northern California wines poured by the winemakers,False,https://tablejourney.com/united-states/san-francisco/festivals/outside-lands-food/
Elotada Atlixco,Puebla,Mexico,2027-08-13,2027-08-16,August,True,yearly,Chocolate and dessert festivals,Corn,True,https://tablejourney.com/mexico/puebla/festivals/elotada-atlixco/
Fiestas de la Virgen de la Paloma (La Latina),Madrid,Spain,2027-08-13,2027-08-16,August,True,yearly,,"Castizo street fare: limonada, chocolatada, vermut castizo",True,https://tablejourney.com/spain/madrid/festivals/fiestas-de-la-paloma/
Great Taste of the Midwest,Madison,United States,2027-08-14,2027-08-14,August,True,yearly,Beer festivals,Midwest craft beer festival with 150 breweries,False,https://tablejourney.com/united-states/madison/festivals/great-taste-of-the-midwest/
Semana Grande (Aste Nagusia),San Sebastián,Spain,2027-08-14,2027-08-21,August,True,yearly,,"Citywide festival with food stalls, fireworks, Basque sports",True,https://tablejourney.com/spain/san-sebastian/festivals/semana-grande/
Sourwood Festival,Asheville,United States,2027-08-14,2027-08-15,August,True,yearly,,"Sourwood honey, regional crafts",True,https://tablejourney.com/united-states/asheville/festivals/sourwood-festival-black-mountain/
Por Tor Festival,Phuket,Thailand,2027-08-14,2027-08-30,August,True,yearly,,Ang ku red turtle cakes and shrine offerings,True,https://tablejourney.com/thailand/phuket/festivals/por-tor-festival/
Tomato Art Fest,Nashville,United States,2027-08-14,2027-08-15,August,True,yearly,,Tomatoes and East Nashville food vendors,True,https://tablejourney.com/united-states/nashville/festivals/tomato-art-fest/
Japanese Food and Cultural Bazaar,Sacramento,United States,2027-08-14,2027-08-14,August,True,yearly,,"Teriyaki chicken, sushi, udon, okonomiyaki, takoyaki",True,https://tablejourney.com/united-states/sacramento/festivals/japanese-food-cultural-bazaar/
Beijing International Yanjing Beer Culture Festival,Beijing,China,2027-08-14,2027-08-23,August,False,yearly,Beer festivals,Beer and festival food,False,https://tablejourney.com/china/beijing/festivals/beijing-international-yanjing-beer-culture-festival/
Light Up Little Italy Festival,Baltimore,United States,2027-08-14,2027-08-16,August,False,yearly,,Italian,True,https://tablejourney.com/united-states/baltimore/festivals/light-up-little-italy/
Festa Major de Gracia,Barcelona,Spain,2027-08-15,2027-08-21,August,False,yearly,Street food festivals; Barbecue festivals,Catalan street food,True,https://tablejourney.com/spain/barcelona/festivals/festa-major-de-gracia/
Feria de Málaga,Málaga,Spain,2027-08-15,2027-08-22,August,True,yearly,Wine festivals,"Andalusian food, sweet wine and fried fish",True,https://tablejourney.com/spain/malaga/festivals/feria-de-malaga/
Visit Orlando's Magical Dining,Orlando,United States,2027-08-15,2027-09-30,August,False,yearly,,Three-course prix-fixe dinners across Orlando,True,https://tablejourney.com/united-states/orlando/festivals/magical-dining/
Fort Collins Peach Festival,Fort Collins,United States,2027-08-15,2027-08-15,August,True,yearly,Street food festivals,"Palisade peaches, peach pie and craft drinks",False,https://tablejourney.com/united-states/fort-collins/festivals/fort-collins-peach-festival/
Zeebrugge Visserijfeesten (Seafront Midsummer),Bruges,Belgium,2027-08-15,2027-08-15,August,True,yearly,Seafood festivals,North Sea fish and seafood,True,https://tablejourney.com/belgium/bruges/festivals/zeebrugge-visserijfeesten/
Mill City Farmers Market Tomato Tasting,Minneapolis,United States,2027-08-16,2027-08-16,August,False,yearly,,Heirloom tomatoes,True,https://tablejourney.com/united-states/minneapolis/festivals/mill-city-live/
Utah Beer Festival,Salt Lake City,United States,2027-08-16,2027-08-17,August,False,yearly,Beer festivals,Utah craft beer,False,https://tablejourney.com/united-states/salt-lake-city/festivals/utah-beer-festival/
Kokkenes Dag (Chefs' Day),Oslo,Norway,2027-08-16,2027-08-16,August,True,yearly,,Oslo restaurant chef street feast,True,https://tablejourney.com/norway/oslo/festivals/kokkenes-dag/
Omaha Greek Festival,Omaha,United States,2027-08-19,2027-08-21,August,True,yearly,Wine festivals,,,https://tablejourney.com/united-states/omaha/festivals/greek-festival-omaha/
Surströmmingspremiär (Surströmming Premiere),Stockholm,Sweden,2027-08-19,2027-08-19,August,True,yearly,Seafood festivals,Fermented Baltic herring (surströmming),True,https://tablejourney.com/sweden/stockholm/festivals/surstromming-premiere/
Copenhagen Cooking and Food Festival,Copenhagen,Denmark,2027-08-20,2027-08-29,August,True,yearly,Street food festivals; Seafood festivals,"Nordic gastronomy, restaurants, markets",False,https://tablejourney.com/denmark/copenhagen/festivals/copenhagen-cooking-and-food-festival/
Festa del Peocio degli Alberoni,Venice,Italy,2027-08-20,2027-08-27,August,False,yearly,Seafood festivals,"Mussels: pastasciutta coi peoci and saltada de peoci, mixed fried fish",True,https://tablejourney.com/italy/venice/festivals/festa-del-peocio-alberoni/
The Only Whisky Show Cape Town,Cape Town,South Africa,2027-08-20,2027-08-21,August,True,yearly,,Whisky,False,https://tablejourney.com/south-africa/cape-town/festivals/the-only-whisky-show-cape-town/
CBD Coffee Festival,Beijing,China,2027-08-20,2027-08-23,August,False,yearly,Coffee and tea festivals,Specialty coffee,False,https://tablejourney.com/china/beijing/festivals/cbd-coffee-festival/
Belgrade Beer Fest,Belgrade,Serbia,2027-08-21,2027-08-25,August,False,yearly,Beer festivals; Street food festivals,"Beer, festival street food, rock music",True,https://tablejourney.com/serbia/belgrade/festivals/belgrade-beer-fest/
Santa Fe Indian Market Food Vendors,Santa Fe,United States,2027-08-21,2027-08-22,August,True,yearly,,Pueblo and Native American,True,https://tablejourney.com/united-states/santa-fe/festivals/santa-fe-indian-market-food/
Alaska State Fair,Anchorage,United States,2027-08-21,2027-09-07,August,False,yearly,Barbecue festivals,"Fair food, giant Matanuska Valley vegetables, BBQ",False,https://tablejourney.com/united-states/anchorage/festivals/alaska-state-fair/
Indy GreekFest,Indianapolis,United States,2027-08-21,2027-08-22,August,False,yearly,,Greek,True,https://tablejourney.com/united-states/indianapolis/festivals/indy-greekfest/
Mexican Fiesta,Milwaukee,United States,2027-08-21,2027-08-23,August,False,yearly,,Mexican,False,https://tablejourney.com/united-states/milwaukee/festivals/mexican-fiesta/
Beijing Cuisine Culture Festival,Beijing,China,2027-08-21,2027-08-30,August,False,yearly,,Beijing cuisine and time-honoured brands,,https://tablejourney.com/china/beijing/festivals/beijing-cuisine-culture-festival/
Sacramento Banana Festival,Sacramento,United States,2027-08-21,2027-08-22,August,True,yearly,Chocolate and dessert festivals,"Banana dishes and desserts, multicultural food vendors",False,https://tablejourney.com/united-states/sacramento/festivals/sacramento-banana-festival/
Aste Nagusia (Bilbao Semana Grande),Bilbao,Spain,2027-08-22,2027-08-30,August,False,yearly,,"Basque pintxos, gastronomic competitions",True,https://tablejourney.com/spain/bilbao/festivals/aste-nagusia/
Fete du Cassoulet de Castelnaudary,Toulouse,France,2027-08-22,2027-08-24,August,False,yearly,,Cassoulet championships,False,https://tablejourney.com/france/toulouse/festivals/fete-du-cassoulet/
Oakland Chinatown StreetFest,Oakland,United States,2027-08-22,2027-08-23,August,False,yearly,Street food festivals,Pan-Asian street food and culture,True,https://tablejourney.com/united-states/oakland/festivals/oakland-chinatown-streetfest/
Reykjavik Culture Night,Reykjavik,Iceland,2027-08-22,2027-08-22,August,False,yearly,Street food festivals,Icelandic street food and home baking,True,https://tablejourney.com/iceland/reykjavik/festivals/reykjavik-culture-night/
Festa Major de Sants,Barcelona,Spain,2027-08-22,2027-08-30,August,False,yearly,,Catalan neighbourhood cooking,True,https://tablejourney.com/spain/barcelona/festivals/festa-major-de-sants/
Festa do Vinho Madeira,Funchal,Portugal,2027-08-23,2027-09-13,August,True,yearly,Wine festivals; Harvest festivals,"Madeira wine, harvest and tastings",True,https://tablejourney.com/portugal/funchal/festivals/festa-do-vinho-madeira/
Les Rendez-vous de l'Erdre,Nantes,France,2027-08-24,2027-08-30,August,True,yearly,Seafood festivals,Festival restaurant villages run by local associations and traders; oysters and muscadet on a boat cruise,True,https://tablejourney.com/france/nantes/festivals/les-rendez-vous-de-lerdre/
Devour Indy Summerfest,Indianapolis,United States,2027-08-24,2027-09-06,August,False,yearly,,Citywide American,True,https://tablejourney.com/united-states/indianapolis/festivals/devour-indy-summerfest/
Semana de los Bodegones Porteños,Buenos Aires,Argentina,2027-08-24,2027-08-28,August,False,yearly,,Porteño bodegón classics at discounted prices,True,https://tablejourney.com/argentina/buenos-aires/festivals/semana-de-los-bodegones-portenos/
Rotterdam Unlimited,Rotterdam,Netherlands,2027-08-25,2027-08-25,August,True,yearly,,,,https://tablejourney.com/netherlands/rotterdam/festivals/rotterdam-unlimited/
La Tomatina (Bunol),Valencia,Spain,2027-08-25,2027-08-25,August,True,yearly,,"Tomato culture, paella in Bunol",False,https://tablejourney.com/spain/valencia/festivals/la-tomatina/
Feast of Saint Titus,Heraklion,Greece,2027-08-25,2027-08-25,August,True,yearly,,Traditional Cretan food and sweets,True,https://tablejourney.com/greece/heraklion/festivals/agios-titos-feast/
Minnesota State Fair,Minneapolis,United States,2027-08-26,2027-09-06,August,True,yearly,,American street fair food,False,https://tablejourney.com/united-states/minneapolis/festivals/minnesota-state-fair/
Encuentro Internacional del Mariachi y la Charreria,Guadalajara,Mexico,2027-08-26,2027-09-06,August,False,yearly,,Jalisco regional with mariachi music,False,https://tablejourney.com/mexico/guadalajara/festivals/mariachi-charreria-festival/
F Istanbul Food and Beverage Fair,Istanbul,Turkey,2027-08-26,2027-08-29,August,False,yearly,,Food and beverage production technology,False,https://tablejourney.com/turkey/istanbul/festivals/f-istanbul/
Museumsuferfest,Frankfurt,Germany,2027-08-27,2027-08-29,August,True,yearly,,World food stands along the Main,True,https://tablejourney.com/germany/frankfurt/festivals/museumsuferfest/
Feast of Saint Anthony,Boston,United States,2027-08-27,2027-08-30,August,False,yearly,Street food festivals,Italian American street food,True,https://tablejourney.com/united-states/boston/festivals/feast-of-saint-anthony/
Streetfoodfestivalen Goteborg,Gothenburg,Sweden,2027-08-27,2027-08-30,August,False,yearly,Beer festivals; Street food festivals,"Street food and food trucks, Streetfood-SM competition, Gothenburg craft beer",,https://tablejourney.com/sweden/gothenburg/festivals/smaka-pa-vastsverige-goteborg/
Dia Nacional del Cafe Peruano,Lima,Peru,2027-08-27,2027-08-27,August,True,yearly,Coffee and tea festivals,Peruvian specialty coffee,True,https://tablejourney.com/peru/lima/festivals/dia-nacional-del-cafe/
"Štorije Dioklecijana (Stories of Diocletian, formerly Dani Dioklecijana)",Split,Croatia,2027-08-27,2027-08-30,August,False,yearly,,Roman heritage programme (the Roman food stalls were dropped in 2026),True,https://tablejourney.com/croatia/split/festivals/dani-dioklecijana/
China Restaurant Week: Autumn Edition,Shanghai,China,2027-08-27,2027-09-28,August,False,yearly,,"Set-menu dining, all cuisines",True,https://tablejourney.com/china/shanghai/festivals/china-restaurant-week-shanghai/
Berlin Beer Week,Berlin,Germany,2027-08-28,2027-09-06,August,False,yearly,Beer festivals,"Craft beer: tap takeovers, brewery tours, pairing dinners",True,https://tablejourney.com/germany/berlin/festivals/berlin-beer-week/
Dalkey Lobster Festival,Dublin,Ireland,2027-08-28,2027-08-29,August,False,yearly,Seafood festivals,"Seafood, lobster rolls and crab claws",True,https://tablejourney.com/ireland/dublin/festivals/dalkey-lobster-festival/
Festival Latino,Columbus,United States,2027-08-28,2027-08-29,August,True,yearly,,Latin American,True,https://tablejourney.com/united-states/columbus/festivals/festival-latino-columbus/
World Food and Music Festival,Des Moines,United States,2027-08-28,2027-08-30,August,True,yearly,,,,https://tablejourney.com/united-states/des-moines/festivals/world-food-music-festival/
Ban des Vendanges des Côtes du Rhône,Avignon,France,2027-08-28,2027-08-28,August,True,yearly,Wine festivals; Harvest festivals,"Côtes du Rhône wines, gourmet market",True,https://tablejourney.com/france/avignon/festivals/ban-des-vendanges-des-cotes-du-rhone/
Taste of Greektown,Chicago,United States,2027-08-28,2027-08-30,August,True,yearly,,Greek,True,https://tablejourney.com/united-states/chicago/festivals/taste-of-greektown/
Fête de l'Andouillette,Lille,France,2027-08-28,2027-08-29,August,True,yearly,,Andouillette d'Arras,True,https://tablejourney.com/france/lille/festivals/fete-de-l-andouillette-arras/
National Buffalo Wing Festival,Buffalo,United States,2027-08-29,2027-08-30,August,False,yearly,,Buffalo wings,False,https://tablejourney.com/united-states/buffalo/festivals/national-buffalo-wing-festival/
Cleveland Garlic Festival,Cleveland,United States,2027-08-29,2027-08-30,August,False,yearly,Beer festivals; Barbecue festivals; Cheese festivals,"Garlic-led plates: top-chef grill-offs, Ohio cheese, local craft beer",False,https://tablejourney.com/united-states/cleveland/festivals/cleveland-garlic-festival/
Tour de Fat,Fort Collins,United States,2027-08-29,2027-08-29,August,True,yearly,Beer festivals; Street food festivals,"Beer, food trucks and a costumed bike parade",True,https://tablejourney.com/united-states/fort-collins/festivals/tour-de-fat/
Festival of Nations,St. Louis,United States,2027-08-29,2027-08-30,August,False,yearly,Street food festivals,Global street food,True,https://tablejourney.com/united-states/st-louis/festivals/festival-of-nations/
Fine Food Days Cologne,Cologne,Germany,2027-08-30,2027-09-13,August,False,yearly,,,,https://tablejourney.com/germany/cologne/festivals/fine-food-days-cologne/
Rheingauer Weinmarkt,Frankfurt,Germany,2027-09-01,2027-09-10,September,True,yearly,Wine festivals,Rheingau Riesling,True,https://tablejourney.com/germany/frankfurt/festivals/rheingauer-weinmarkt/
Singapore Food Festival,Singapore,Singapore,2027-09-01,2027-09-30,September,True,yearly,,,,https://tablejourney.com/singapore/singapore/festivals/singapore-food-festival/
fEast Cork,Cork,Ireland,2027-09-01,2027-09-06,September,True,yearly,,,,https://tablejourney.com/ireland/cork/festivals/feast-cork/
La Festa Italiana,Omaha,United States,2027-09-01,2027-09-30,September,True,yearly,,,,https://tablejourney.com/united-states/omaha/festivals/la-festa-italiana-omaha/
Festa di Piedigrotta,Naples,Italy,2027-09-01,2027-09-12,September,True,yearly,,No food programme found; the festival is religious and musical,True,https://tablejourney.com/italy/naples/festivals/festa-di-piedigrotta/
Taipei Restaurant Week (Taipei International Food Festival),Taipei,Taiwan,2027-09-01,2027-09-30,September,True,yearly,,Casual fine dining set menus across Taipei,True,https://tablejourney.com/taiwan/taipei/festivals/taipei-restaurant-week/
DC JazzFest,Washington DC,United States,2027-09-02,2027-09-06,September,False,yearly,Seafood festivals,The Wharf's waterfront restaurants and seafood,True,https://tablejourney.com/united-states/washington-dc/festivals/dc-jazz-fest/
Aarhus Food Festival,Aarhus,Denmark,2027-09-03,2027-09-05,September,True,yearly,,Nordic and international food,False,https://tablejourney.com/denmark/aarhus/festivals/aarhus-food-festival/
Belgian Beer Weekend,Brussels,Belgium,2027-09-03,2027-09-05,September,True,yearly,Beer festivals,Belgian beer,True,https://tablejourney.com/belgium/brussels/festivals/belgian-beer-weekend/
Meatopia,London,United Kingdom,2027-09-03,2027-09-06,September,False,yearly,,Wood-fired meat festival,False,https://tablejourney.com/united-kingdom/london/festivals/meatopia/
Modra Vintage Festival,Bratislava,Slovakia,2027-09-03,2027-09-05,September,True,yearly,Wine festivals; Harvest festivals,"Slovak wine harvest, must, traditional Modra food",True,https://tablejourney.com/slovakia/bratislava/festivals/modra-vintage-festival/
Sagra della Porchetta di Ariccia,Rome,Italy,2027-09-03,2027-09-06,September,False,yearly,Harvest festivals,"Porchetta, Castelli Romani",True,https://tablejourney.com/italy/rome/festivals/sagra-della-porchetta-ariccia/
Wereldhavendagen,Rotterdam,Netherlands,2027-09-03,2027-09-05,September,True,yearly,,"Food plazas, local and international cooking",True,https://tablejourney.com/netherlands/rotterdam/festivals/wereldhavendagen/
Sagra del Tortellino Tradizionale di Castelfranco Emilia,Bologna,Italy,2027-09-03,2027-09-12,September,True,yearly,Harvest festivals,"Tortellino in capon broth, hand-rolled by the Maestre Sfogline; gluten-free option",True,https://tablejourney.com/italy/bologna/festivals/festa-del-tortellino/
Taste of Polonia,Chicago,United States,2027-09-03,2027-09-06,September,True,yearly,,Polish,False,https://tablejourney.com/united-states/chicago/festivals/taste-of-polonia/
PAX West,Seattle,United States,2027-09-03,2027-09-06,September,True,yearly,,Downtown and Capitol Hill restaurants at capacity,False,https://tablejourney.com/united-states/seattle/festivals/pax-west-seattle/
La Braderie de Lille,Lille,France,2027-09-04,2027-09-05,September,True,yearly,,Moules-frites,True,https://tablejourney.com/france/lille/festivals/braderie-de-lille/
Columbus Greek Festival,Columbus,United States,2027-09-04,2027-09-07,September,False,yearly,,Greek,True,https://tablejourney.com/united-states/columbus/festivals/columbus-greek-festival/
North Carolina Apple Festival,Asheville,United States,2027-09-04,2027-09-07,September,False,yearly,Harvest festivals; Ski-season food,"Apples, regional crafts, mountain food",True,https://tablejourney.com/united-states/asheville/festivals/nc-apple-festival/
Burning of Zozobra,Santa Fe,United States,2027-09-04,2027-09-04,September,False,yearly,,Festival food vendors,False,https://tablejourney.com/united-states/santa-fe/festivals/burning-of-zozobra/
Festival del Prosciutto di Parma,Parma,Italy,2027-09-04,2027-09-13,September,True,yearly,,Prosciutto di Parma,True,https://tablejourney.com/italy/parma/festivals/festival-del-prosciutto-di-parma/
Taste of Madison,Madison,United States,2027-09-04,2027-09-05,September,True,yearly,Beer festivals,Wisconsin restaurant samples and craft beer,True,https://tablejourney.com/united-states/madison/festivals/taste-of-madison/
WorldFest International Festival,Louisville,United States,2027-09-04,2027-09-07,September,False,yearly,Street food festivals,International street food,True,https://tablejourney.com/united-states/louisville/festivals/worldfest-louisville/
Beer Love Fest,Montpellier,France,2027-09-04,2027-09-12,September,True,yearly,Beer festivals,Craft beer from 60 breweries plus a food-truck corner,False,https://tablejourney.com/france/montpellier/festivals/beer-love-fest/
Hamtramck Labor Day Festival,Detroit,United States,2027-09-04,2027-09-06,September,False,yearly,Beer festivals,"Polish food, kielbasa, pierogi, paczki",True,https://tablejourney.com/united-states/detroit/festivals/hamtramck-labor-day-festival/
Fiesta de la Vendimia Montilla-Moriles,Córdoba,Spain,2027-09-04,2027-09-07,September,False,yearly,Wine festivals; Harvest festivals,Wine,True,https://tablejourney.com/spain/cordoba/festivals/fiesta-de-la-vendimia-montilla-moriles/
Brisbane Festival,Brisbane,Australia,2027-09-04,2027-09-26,September,True,yearly,,Festival Village food and drink program,True,https://tablejourney.com/australia/brisbane/festivals/brisbane-festival/
Gastro Miasto Warszawa,Warsaw,Poland,2027-09-04,2027-09-06,September,False,yearly,Wine festivals; Cheese festivals,"Restaurant stalls, wine and cheese zones",True,https://tablejourney.com/poland/warsaw/festivals/gastro-miasto-warszawa/
Sagra del Tortellino Tradizionale (Castelfranco Emilia),Modena,Italy,2027-09-04,2027-09-13,September,True,yearly,Harvest festivals,Tortellini in capon broth,True,https://tablejourney.com/italy/modena/festivals/sagra-del-tortellino-castelfranco-emilia/
Bieres et Saveurs de Chambly,Montreal,Canada,2027-09-04,2027-09-07,September,True,yearly,Beer festivals,Craft beer and Quebec products,False,https://tablejourney.com/canada/montreal/festivals/bieres-et-saveurs-de-chambly/
Foire à l'Ail Fumé d'Arleux,Lille,France,2027-09-04,2027-09-05,September,True,yearly,,Smoked garlic of Arleux,True,https://tablejourney.com/france/lille/festivals/foire-a-l-ail-fume-arleux/
TAPT Festival Rotterdam,Rotterdam,Netherlands,2027-09-04,2027-09-05,September,False,yearly,Beer festivals; Street food festivals,"Beer on tap, loaded fries, pizza, charcuterie",False,https://tablejourney.com/netherlands/rotterdam/festivals/tapt-festival-rotterdam/
Festa des Vermar,Palma,Spain,2027-09-05,2027-09-27,September,True,yearly,Wine festivals; Harvest festivals,DO Binissalem wine,True,https://tablejourney.com/spain/palma/festivals/festa-des-vermar-binissalem/
Hatch Chile Festival (day trip),Santa Fe,United States,2027-09-05,2027-09-06,September,False,yearly,,Hatch green chile,True,https://tablejourney.com/united-states/santa-fe/festivals/hatch-chile-festival/
Le Marché à Manger,Rennes,France,2027-09-05,2027-09-05,September,True,one-off or irregular,Street food festivals,"Rennes street food, cooks and food trucks",True,https://tablejourney.com/france/rennes/festivals/le-marche-a-manger/
Regata Storica,Venice,Italy,2027-09-05,2027-09-05,September,True,yearly,,Long lunches by the Grand Canal,True,https://tablejourney.com/italy/venice/festivals/regata-storica/
Toulouse a Table,Toulouse,France,2027-09-05,2027-09-06,September,False,yearly,,Southwestern French gastronomy,True,https://tablejourney.com/france/toulouse/festivals/toulouse-a-table/
Fiesta de Santa Fe Food Booths,Santa Fe,United States,2027-09-05,2027-09-07,September,False,yearly,,"Chicharron burritos, frybread, New Mexican fair food",True,https://tablejourney.com/united-states/santa-fe/festivals/fiesta-de-santa-fe-food/
Craft Beer Revolution Festival,Bucharest,Romania,2027-09-05,2027-09-07,September,False,yearly,Beer festivals,Craft beer: dozens of craft breweries and artisanal ciders with food and live music,True,https://tablejourney.com/romania/bucharest/festivals/craft-beer-revolution-festival/
Hatch Chile Festival,El Paso,United States,2027-09-05,2027-09-06,September,True,yearly,,"Fresh roasted Hatch green chile, chile-inspired foods",,https://tablejourney.com/united-states/el-paso/festivals/el-paso-green-chile-festival/
Japanese Festival,St. Louis,United States,2027-09-05,2027-09-07,September,False,yearly,,Japanese,False,https://tablejourney.com/united-states/st-louis/festivals/japanese-festival/
A Taste of West Cork Food Festival,Cork,Ireland,2027-09-06,2027-09-15,September,True,yearly,,,,https://tablejourney.com/ireland/cork/festivals/a-taste-of-west-cork-food-festival/
Vinòforum,Rome,Italy,2027-09-06,2027-09-12,September,False,yearly,Wine festivals,"Italian wine, chef dinners, Pizza d'Autore, Temporary Restaurant food stands",False,https://tablejourney.com/italy/rome/festivals/vinoforum/
Festival de la Tomate,Montpellier,France,2027-09-06,2027-09-06,September,True,yearly,,Heritage tomato exhibition and producer market,True,https://tablejourney.com/france/montpellier/festivals/festival-de-la-tomate-clapiers/
eat:Bedminster,Bristol,United Kingdom,2027-09-06,2027-09-06,September,True,yearly,Street food festivals,South West producers and street food,True,https://tablejourney.com/united-kingdom/bristol/festivals/eat-bedminster/
Bizerkeley Food Fest,Berkeley,United States,2027-09-06,2027-09-06,September,False,yearly,Chocolate and dessert festivals; Vegan and vegetarian festivals,"Vegan and plant-based food, drinks and desserts",False,https://tablejourney.com/united-states/berkeley/festivals/bizerkeley-food-fest/
Sarajevo Bee Festival,Sarajevo,Bosnia and Herzegovina,2027-09-07,2027-09-12,September,False,yearly,,"Bosnian honey, mead, honey pastries",True,https://tablejourney.com/bosnia-and-herzegovina/sarajevo/festivals/bee-festival-sarajevo/
Budapest Wine Festival,Budapest,Hungary,2027-09-08,2027-09-11,September,True,yearly,Wine festivals,"Hungarian wine, all regions",False,https://tablejourney.com/hungary/budapest/festivals/budapest-wine-festival/
Bienal de Flamenco de Sevilla,Seville,Spain,2027-09-09,2027-10-03,September,False,yearly,,"Sherry, tapeo, flamenco-bar food crawls across the centro",False,https://tablejourney.com/spain/seville/festivals/bienal-de-flamenco/
Riga Food,Riga,Latvia,2027-09-09,2027-09-11,September,False,yearly,Chocolate and dessert festivals,Latvian and international food and beverage trade exhibition,False,https://tablejourney.com/latvia/riga/festivals/riga-food-expo/
Taste of Times Square,New York City,United States,2027-09-09,2027-09-09,September,False,yearly,,Signature dishes from Times Square restaurants,False,https://tablejourney.com/united-states/new-york-city/festivals/taste-of-times-square/
Salt Lake Greek Festival,Salt Lake City,United States,2027-09-10,2027-09-12,September,True,yearly,,Greek heritage cooking,False,https://tablejourney.com/united-states/salt-lake-city/festivals/salt-lake-greek-festival/
Atlanta Food and Wine Festival,Atlanta,United States,2027-09-10,2027-09-13,September,False,yearly,Beer festivals; Wine festivals,"Southern food, wine and spirits",False,https://tablejourney.com/united-states/atlanta/festivals/atlanta-food-and-wine-festival/
Knoxville Greek Fest,Knoxville,United States,2027-09-10,2027-09-12,September,True,yearly,,Greek food and culture,True,https://tablejourney.com/united-states/knoxville/festivals/knoxville-greek-fest/
Goombay Festival,Asheville,United States,2027-09-10,2027-09-12,September,False,yearly,,"African and Caribbean food, Black Appalachian heritage",True,https://tablejourney.com/united-states/asheville/festivals/goombay-festival/
Istanbul Coffee Festival,Istanbul,Turkey,2027-09-10,2027-09-13,September,True,yearly,Coffee and tea festivals,Specialty coffee,False,https://tablejourney.com/turkey/istanbul/festivals/istanbul-coffee-festival/
New Mexico State Fair,Albuquerque,United States,2027-09-10,2027-09-20,September,False,yearly,,"Fair food, frybread, Indian tacos",False,https://tablejourney.com/united-states/albuquerque/festivals/new-mexico-state-fair/
Street Food Festival,Marseille,France,2027-09-10,2027-09-12,September,False,yearly,Beer festivals; Wine festivals; Street food festivals,"Mediterranean street food, local wine and craft beer",False,https://tablejourney.com/france/marseille/festivals/street-food-festival-mpg/
Yiasou Greek Festival,Charlotte,United States,2027-09-10,2027-09-12,September,True,yearly,,Greek,False,https://tablejourney.com/united-states/charlotte/festivals/yiasou-greek-festival/
Omaha Restaurant Week,Omaha,United States,2027-09-10,2027-09-19,September,True,yearly,,,,https://tablejourney.com/united-states/omaha/festivals/omaha-restaurant-week/
Chicago German-American Oktoberfest,Chicago,United States,2027-09-10,2027-09-12,September,True,yearly,Beer festivals,"German food, beer, sausage",True,https://tablejourney.com/united-states/chicago/festivals/german-american-fest-lincoln-square/
Dublin Beer Festival,Dublin,Ireland,2027-09-10,2027-09-11,September,False,yearly,Beer festivals,Irish and international craft beer with festival food,False,https://tablejourney.com/ireland/dublin/festivals/dublin-beer-festival/
Festival TODOS,Lisbon,Portugal,2027-09-10,2027-09-13,September,False,yearly,,"Multicultural home cooking, shared tables",True,https://tablejourney.com/portugal/lisbon/festivals/festival-todos/
NC Mountain State Fair,Asheville,United States,2027-09-10,2027-09-19,September,True,yearly,,"Regional food, fair food, livestock, NC agricultural",False,https://tablejourney.com/united-states/asheville/festivals/nc-mountain-state-fair/
Oktoberfest Genova,Genoa,Italy,2027-09-10,2027-09-27,September,True,yearly,Beer festivals,Bavarian food and Hofbräu beer,True,https://tablejourney.com/italy/genoa/festivals/oktoberfest-genova/
Bruges Beer Festival,Bruges,Belgium,2027-09-11,2027-09-12,September,True,yearly,Beer festivals,Belgian beer,True,https://tablejourney.com/belgium/bruges/festivals/bruges-beer-festival/
Sacramento Farm to Fork Festival,Sacramento,United States,2027-09-11,2027-09-11,September,True,yearly,,Sacramento Valley farm and chef showcase,False,https://tablejourney.com/united-states/sacramento/festivals/farm-to-fork-festival/
Lebanese Food Festival,Richmond,United States,2027-09-11,2027-09-13,September,False,yearly,,"Lebanese food, pastries, mezze",True,https://tablejourney.com/united-states/richmond/festivals/lebanese-food-festival/
South End Art Hop,Burlington,United States,2027-09-11,2027-09-13,September,False,yearly,Beer festivals; Street food festivals,Arts festival with food trucks and brewery taprooms,True,https://tablejourney.com/united-states/burlington/festivals/south-end-art-hop/
Rhode Island Seafood Festival,Providence,United States,2027-09-11,2027-09-12,September,True,yearly,Seafood festivals,"Seafood, lobster rolls, oysters",False,https://tablejourney.com/united-states/providence/festivals/ri-seafood-festival/
Vienna Coffee Festival,Vienna,Austria,2027-09-11,2027-09-13,September,False,yearly,Coffee and tea festivals,Specialty coffee tasting and roaster fair,False,https://tablejourney.com/austria/vienna/festivals/vienna-coffee-festival/
Maryland Seafood Festival,Baltimore,United States,2027-09-11,2027-09-13,September,True,yearly,Seafood festivals; Barbecue festivals,Chesapeake seafood,False,https://tablejourney.com/united-states/baltimore/festivals/maryland-seafood-festival/
Brussels Food Festival,Brussels,Belgium,2027-09-11,2027-09-13,September,False,yearly,Street food festivals,International street food from about 30 stands and food trucks,True,https://tablejourney.com/belgium/brussels/festivals/brussels-food-truck-festival/
Mini-breweries Festival at Kulaťák (Festival minipivovarů),Prague,Czech Republic,2027-09-11,2027-09-11,September,True,yearly,Beer festivals; Street food festivals,"Czech craft beer, street food, farmers' market",True,https://tablejourney.com/czech-republic/prague/festivals/festival-minipivovaru-kulatak/
Concurso de Cocktails de Benidorm,Benidorm,Spain,2027-09-11,2027-09-20,September,False,yearly,,"Signature cocktails, with and without alcohol",True,https://tablejourney.com/spain/benidorm/festivals/concurso-de-cocktails/
Denver Food and Wine Festival,Denver,United States,2027-09-12,2027-09-14,September,False,yearly,Wine festivals,Colorado wine and chef tasting,False,https://tablejourney.com/united-states/denver/festivals/denver-food-and-wine-festival/
Knabenschiessen,Zurich,Switzerland,2027-09-12,2027-09-14,September,False,yearly,Beer festivals,"Funfair food, Swiss beer",True,https://tablejourney.com/switzerland/zurich/festivals/knabenschiessen/
La Fête du Champ à l'Assiette,Rennes,France,2027-09-12,2027-09-12,September,False,yearly,,"Peasant farming, local producers and sustainable food",True,https://tablejourney.com/france/rennes/festivals/fete-du-champ-a-l-assiette/
Bien Bon ! Le festival gourmand du Grand Avignon,Avignon,France,2027-09-12,2027-09-18,September,True,yearly,Street food festivals,"Provençal produce, chef dinners, food trucks",True,https://tablejourney.com/france/avignon/festivals/bien-bon-festival-gourmand/
Pig Island NYC,New York City,United States,2027-09-12,2027-09-12,September,True,yearly,Beer festivals,"Whole hog, pork, craft beer and cider",False,https://tablejourney.com/united-states/new-york-city/festivals/pig-island-nyc/
The Original Pittsburgh Taco Festival,Pittsburgh,United States,2027-09-12,2027-09-12,September,False,yearly,,Tacos and Mexican food,False,https://tablejourney.com/united-states/pittsburgh/festivals/pittsburgh-taco-festival/
St Clare's Vineyard Wine Harvest Festival,Prague,Czech Republic,2027-09-12,2027-09-13,September,False,yearly,Wine festivals; Harvest festivals,"Moravian young wine, burcak, food stalls",False,https://tablejourney.com/czech-republic/prague/festivals/st-claire-vineyard-harvest/
ernte.dank.festival,Vienna,Austria,2027-09-12,2027-09-13,September,False,yearly,Wine festivals; Harvest festivals; Cheese festivals,"Austrian farm produce, Heuriger wine, regional Schmankerl",True,https://tablejourney.com/austria/vienna/festivals/ernte-dank-festival/
El Grito San Antonio,San Antonio,United States,2027-09-12,2027-09-13,September,False,yearly,,Food and craft vendor booths at Historic Market Square,True,https://tablejourney.com/united-states/san-antonio/festivals/el-grito-san-antonio/
Solano Stroll,Berkeley,United States,2027-09-12,2027-09-12,September,True,yearly,,,,https://tablejourney.com/united-states/berkeley/festivals/solano-stroll-food-vendors/
GastroAntep International Gaziantep Gastronomy Festival,Gaziantep,Turkey,2027-09-13,2027-09-21,September,True,yearly,,Gaziantep and Anatolian,True,https://tablejourney.com/turkey/gaziantep/festivals/gastroantep-festival/
Moldovan Wine Festival Bucharest,Bucharest,Romania,2027-09-13,2027-09-14,September,False,yearly,Wine festivals,"Moldovan wine: 50 producers, gastronomy stalls and live music",True,https://tablejourney.com/romania/bucharest/festivals/moldovan-wine-festival-bucharest/
Fantastic Picnic at the Cité de la Gastronomie,Dijon,France,2027-09-13,2027-09-13,September,True,yearly,,Bourgogne-Franche-Comté producers picnic,False,https://tablejourney.com/france/dijon/festivals/fantastic-picnic-cite-de-la-gastronomie/
Steel City Big Pour,Pittsburgh,United States,2027-09-13,2027-09-13,September,False,yearly,Beer festivals,Craft beer and food,False,https://tablejourney.com/united-states/pittsburgh/festivals/steel-city-big-pour/
Ganesh Chaturthi Modak Festival,Mumbai,India,2027-09-14,2027-09-25,September,False,yearly,,"Modak (steamed sweet dumplings), Maharashtrian sweets",True,https://tablejourney.com/india/mumbai/festivals/ganesh-chaturthi-modak/
Mid-Autumn Festival mooncake season,Hong Kong,Hong Kong,2027-09-14,2027-09-17,September,True,yearly,,"Mooncakes, pomelo, lanterns",True,https://tablejourney.com/hong-kong/hong-kong/festivals/mid-autumn-festival/
Open Mouth Food Festival,Hamburg,Germany,2027-09-14,2027-09-18,September,False,yearly,,"North German classics, Hamburg innovations, regional producers",False,https://tablejourney.com/germany/hamburg/festivals/open-mouth-food-festival-hamburg/
Pivo & Burger Fest (Autumn),Ljubljana,Slovenia,2027-09-14,2027-09-15,September,False,yearly,Beer festivals,Burgers and Slovenian craft beer,True,https://tablejourney.com/slovenia/ljubljana/festivals/pivo-burger-fest-september/
Tết Trung Thu Mid-Autumn Festival,Hanoi,Vietnam,2027-09-15,2027-09-15,September,True,yearly,,"Mooncakes, lanterns, children's feast",True,https://tablejourney.com/vietnam/hanoi/festivals/tet-trung-thu-mid-autumn/
Mid-Autumn Moon Festival at Lan Su Chinese Garden,Portland,United States,2027-09-15,2027-09-17,September,True,yearly,Harvest festivals,Chinese mooncakes and dumplings,False,https://tablejourney.com/united-states/portland/festivals/mid-autumn-festival-lan-su/
Mid-Autumn Festival (Tet Trung Thu),Ho Chi Minh City,Vietnam,2027-09-15,2027-09-15,September,False,yearly,,Mooncakes,True,https://tablejourney.com/vietnam/ho-chi-minh-city/festivals/mid-autumn-festival/
Mid-Autumn Festival,Penang,Malaysia,2027-09-15,2027-09-15,September,True,yearly,,Mooncakes,True,https://tablejourney.com/malaysia/penang/festivals/mid-autumn-festival/
Mid-Autumn Festival at Thean Hou Temple,Kuala Lumpur,Malaysia,2027-09-15,2027-09-15,September,True,yearly,,Mooncakes,True,https://tablejourney.com/malaysia/kuala-lumpur/festivals/thean-hou-temple-mid-autumn-festival/
Taipei Mid-Autumn Festival,Taipei,Taiwan,2027-09-15,2027-09-17,September,True,yearly,Barbecue festivals,"Mooncakes, pomelo, outdoor barbecue",True,https://tablejourney.com/taiwan/taipei/festivals/mid-autumn-mooncake-festival/
Oktoberfest Zinzinnati,Cincinnati,United States,2027-09-16,2027-09-19,September,True,yearly,Beer festivals,German food and beer,True,https://tablejourney.com/united-states/cincinnati/festivals/oktoberfest-zinzinnati/
Feast Portland,Portland,United States,2027-09-16,2027-09-19,September,False,yearly,Street food festivals; Barbecue festivals,Food and drink,False,https://tablejourney.com/united-states/portland/festivals/feast-portland/
Reeperbahn Festival,Hamburg,Germany,2027-09-16,2027-09-19,September,False,yearly,,"Music and conference festival, no food programme named by the organiser",False,https://tablejourney.com/germany/hamburg/festivals/reeperbahn-festival/
Oklahoma State Fair,Oklahoma City,United States,2027-09-16,2027-09-26,September,True,yearly,,,,https://tablejourney.com/united-states/oklahoma-city/festivals/oklahoma-state-fair/
Eat Drink SLC,Salt Lake City,United States,2027-09-16,2027-09-17,September,False,yearly,,Local Salt Lake chefs and farms,False,https://tablejourney.com/united-states/salt-lake-city/festivals/eat-drink-slc/
euphoria,Greenville,United States,2027-09-17,2027-09-20,September,False,yearly,Wine festivals,"Food, wine and music festival with Michelin-recognised chefs",False,https://tablejourney.com/united-states/greenville/festivals/euphoria-food-wine-music/
Kapana Fest,Plovdiv,Bulgaria,2027-09-17,2027-09-20,September,True,yearly,Street food festivals,"Bulgarian craft food, street eats, music",True,https://tablejourney.com/bulgaria/plovdiv/festivals/kapana-fest/
Feast of San Gennaro,New York City,United States,2027-09-17,2027-09-27,September,False,yearly,Street food festivals,Italian American street food,True,https://tablejourney.com/united-states/new-york-city/festivals/feast-of-san-gennaro/
Festivalfilosofia,Modena,Italy,2027-09-17,2027-09-19,September,True,yearly,,Modenese cucina filosofica menus,True,https://tablejourney.com/italy/modena/festivals/festivalfilosofia/
Grébovka Wine Festival (Vinobraní na Grébovce),Prague,Czech Republic,2027-09-17,2027-09-18,September,True,yearly,Wine festivals; Street food festivals; Harvest festivals,"Czech and Moravian wine, burčák, street food",True,https://tablejourney.com/czech-republic/prague/festivals/grebovka-wine-festival/
Festival Latino de Lexington,Lexington,United States,2027-09-17,2027-09-18,September,True,yearly,,Latin American,True,https://tablejourney.com/united-states/lexington/festivals/festival-latino-de-lexington/
Hotel Tapa Tour Madrid,Madrid,Spain,2027-09-17,2027-09-27,September,False,yearly,Wine festivals; Chocolate and dessert festivals,"Author tapas, croquettes and dessert tapas from luxury hotel kitchens, paired with wine and cocktails",True,https://tablejourney.com/spain/madrid/festivals/hotel-tapa-tour-madrid/
Cous Cous Fest at San Vito Lo Capo,Palermo,Italy,2027-09-18,2027-09-27,September,False,yearly,,"Couscous trapanese, Mediterranean and North African couscous",True,https://tablejourney.com/italy/palermo/festivals/couscous-fest-san-vito/
Les Relais du Goût,Reims,France,2027-09-18,2027-09-20,September,True,yearly,,Champagne and Champenois gastronomy,True,https://tablejourney.com/france/reims/festivals/les-relais-du-gout/
Roncesvalles Polish Festival,Toronto,Canada,2027-09-18,2027-09-19,September,True,yearly,,Polish,True,https://tablejourney.com/canada/toronto/festivals/roncesvalles-polish-festival/
Veganmania Donauinsel,Vienna,Austria,2027-09-18,2027-09-20,September,False,yearly,Street food festivals; Vegan and vegetarian festivals,Vegan street food,True,https://tablejourney.com/austria/vienna/festivals/veganmania-donauinsel/
Tocati International Festival of Street Games,Verona,Italy,2027-09-18,2027-09-20,September,False,yearly,Street food festivals,Veronese street food and regional traditional plates,True,https://tablejourney.com/italy/verona/festivals/tocati-festival/
Oktoberfest at the Public Market,Rochester,United States,2027-09-18,2027-09-18,September,True,yearly,Beer festivals,German food and beer at a family-friendly market event,,https://tablejourney.com/united-states/rochester/festivals/public-market-harvest-festival/
PVDFest,Providence,United States,2027-09-18,2027-09-19,September,False,yearly,Street food festivals,"Food truck village, downtown block parties",True,https://tablejourney.com/united-states/providence/festivals/pvdfest/
TILF Taiwan International Wine Tasting Lifestyle Festival,Taipei,Taiwan,2027-09-18,2027-09-20,September,True,yearly,Beer festivals; Wine festivals,"Wine, whisky, sake, craft beer and spirits tasting",True,https://tablejourney.com/taiwan/taipei/festivals/tilf-taiwan-international-wine-tasting-lifestyle-festival/
Bruges Mussel Festival (Brugse Mosselfeesten),Bruges,Belgium,2027-09-18,2027-09-19,September,True,yearly,Seafood festivals,Mussels and oysters,False,https://tablejourney.com/belgium/bruges/festivals/bruges-mussel-festival/
TV Osaka YATAI Fes,Osaka,Japan,2027-09-18,2027-09-23,September,False,yearly,Beer festivals; Street food festivals,"Regional Japanese street food and stall menus, draught beer, stage acts",True,https://tablejourney.com/japan/osaka/festivals/tv-osaka-yatai-fes/
Vermont Cheesemakers Festival,Burlington,United States,2027-09-19,2027-09-19,September,True,yearly,Cheese festivals,Vermont cheese,False,https://tablejourney.com/united-states/burlington/festivals/vermont-cheesemakers-festival/
Cooper-Young Festival,Memphis,United States,2027-09-19,2027-09-19,September,False,yearly,,Memphis food and crafts,True,https://tablejourney.com/united-states/memphis/festivals/cooper-young-festival/
Sarajevo Beer Festival,Sarajevo,Bosnia and Herzegovina,2027-09-19,2027-09-20,September,False,yearly,Beer festivals,Bosnian and regional craft beer with food,False,https://tablejourney.com/bosnia-and-herzegovina/sarajevo/festivals/sarajevo-beer-festival/
Meat and Wine Fukuoka,Fukuoka,Japan,2027-09-19,2027-09-23,September,False,yearly,Wine festivals,Wagyu and natural wine,False,https://tablejourney.com/japan/fukuoka/festivals/meat-and-wine-fukuoka/
Adams Avenue Street Fair,San Diego,United States,2027-09-19,2027-09-20,September,False,yearly,Beer festivals,"Neighbourhood food, beer garden, festival foods",True,https://tablejourney.com/united-states/san-diego/festivals/adams-avenue-street-fair/
Eastern Market After Dark,Detroit,United States,2027-09-19,2027-09-19,September,False,yearly,Street food festivals,"Food trucks, artist market",True,https://tablejourney.com/united-states/detroit/festivals/eastern-market-after-dark/
H Street Festival,Washington DC,United States,2027-09-19,2027-09-19,September,False,yearly,Street food festivals,Neighbourhood street food,True,https://tablejourney.com/united-states/washington-dc/festivals/h-street-festival/
L'Essence du Gin et des Spiritueux,Lille,France,2027-09-19,2027-09-20,September,True,yearly,,Gin and craft spirits,False,https://tablejourney.com/france/lille/festivals/l-essence-du-gin-lille/
Kishiwada Danjiri Matsuri,Osaka,Japan,2027-09-19,2027-09-20,September,True,yearly,Street food festivals; Harvest festivals,,,https://tablejourney.com/japan/osaka/festivals/kishiwada-danjiri-matsuri/
Boston Local Food Festival,Boston,United States,2027-09-20,2027-09-20,September,False,yearly,,Local New England food vendors,True,https://tablejourney.com/united-states/boston/festivals/boston-local-food-festival/
World Paella Day,Valencia,Spain,2027-09-20,2027-09-20,September,True,yearly,,Paella valenciana,True,https://tablejourney.com/spain/valencia/festivals/world-paella-day/
Festitalia,Brisbane,Australia,2027-09-20,2027-09-20,September,True,yearly,Wine festivals; Chocolate and dessert festivals; Coffee and tea festivals,"Italian food and wine, cannoli, wood-fired pizza",False,https://tablejourney.com/australia/brisbane/festivals/festitalia/
(H)eerlijk Brugge,Bruges,Belgium,2027-09-20,2027-09-20,September,True,yearly,,"Local and sustainable food, farm produce",True,https://tablejourney.com/belgium/bruges/festivals/heerlijk-brugge/
La Merce,Barcelona,Spain,2027-09-22,2027-09-25,September,False,yearly,Street food festivals,Catalan street food,True,https://tablejourney.com/spain/barcelona/festivals/la-merce/
Culinary Zinema at the San Sebastian Film Festival,San Sebastián,Spain,2027-09-22,2027-09-25,September,False,yearly,,"Chef-led dinners paired with gastronomy films, cooked at the Basque Culinary Center",True,https://tablejourney.com/spain/san-sebastian/festivals/san-sebastian-film-festival-food/
Santa Fe Wine and Chile Fiesta,Santa Fe,United States,2027-09-23,2027-09-27,September,False,yearly,Wine festivals,Wine pairing with chile and New Mexican cuisine,False,https://tablejourney.com/united-states/santa-fe/festivals/santa-fe-wine-and-chile-fiesta/
Eat Real Festival,Oakland,United States,2027-09-23,2027-09-25,September,False,yearly,Beer festivals; Street food festivals,"Sustainable Bay Area, food trucks, craft beer",True,https://tablejourney.com/united-states/oakland/festivals/eat-real-festival/
Feria del Elote Zapopan,Guadalajara,Mexico,2027-09-23,2027-09-30,September,False,yearly,,Corn-based Mexican,True,https://tablejourney.com/mexico/guadalajara/festivals/feria-del-elote/
Galway International Oyster and Seafood Festival,Galway,Ireland,2027-09-24,2027-09-26,September,True,yearly,Seafood festivals,Oysters and wild Atlantic seafood,False,https://tablejourney.com/ireland/galway/festivals/galway-international-oyster-festival/
Terra Madre Salone del Gusto,Turin,Italy,2027-09-24,2027-09-28,September,True,yearly,,"Slow Food, global biodiversity",False,https://tablejourney.com/italy/turin/festivals/salone-del-gusto-terra-madre/
Bourbon and Beyond,Louisville,United States,2027-09-24,2027-09-27,September,True,yearly,Barbecue festivals,"Bourbon, BBQ, music",False,https://tablejourney.com/united-states/louisville/festivals/bourbon-and-beyond/
Acetaie Aperte,Modena,Italy,2027-09-24,2027-09-26,September,True,yearly,,Aceto Balsamico di Modena and Tradizionale DOP,True,https://tablejourney.com/italy/modena/festivals/acetaie-aperte/
Asheville Greek Festival,Asheville,United States,2027-09-24,2027-09-25,September,True,yearly,,"Greek food, pastries, gyros, baklava",True,https://tablejourney.com/united-states/asheville/festivals/asheville-greek-festival/
Chicago Gourmet,Chicago,United States,2027-09-24,2027-09-27,September,True,yearly,Wine festivals,Chef-led tasting weekend,False,https://tablejourney.com/united-states/chicago/festivals/chicago-gourmet/
Eat Festival,Brussels,Belgium,2027-09-24,2027-09-27,September,True,yearly,,Brussels gastronomy,False,https://tablejourney.com/belgium/brussels/festivals/eat-festival-brussels/
Matstreif,Oslo,Norway,2027-09-24,2027-09-25,September,True,yearly,,Norwegian regional producers,True,https://tablejourney.com/norway/oslo/festivals/matstreif/
Mondial de la Biere,Montreal,Canada,2027-09-24,2027-09-27,September,True,yearly,Beer festivals,Beer,True,https://tablejourney.com/canada/montreal/festivals/mondial-de-la-biere/
Fort Worth Oktoberfest,Fort Worth,United States,2027-09-24,2027-09-26,September,True,yearly,Beer festivals,,,https://tablejourney.com/united-states/fort-worth/festivals/fort-worth-oktoberfest/
Festival in the Park,Charlotte,United States,2027-09-24,2027-09-26,September,True,yearly,Beer festivals,"Concessions: gyros, jambalaya, German bratwurst, philly cheesesteak and funnel cakes",True,https://tablejourney.com/united-states/charlotte/festivals/festival-in-the-park/
Slice of Our Markets,Berkeley,United States,2027-09-24,2027-09-24,September,False,yearly,,"Farmers' market produce, wood-fired pizza and seasonal dishes",,https://tablejourney.com/united-states/berkeley/festivals/slice-of-our-markets/
Wiener Weinwandertag,Vienna,Austria,2027-09-25,2027-09-26,September,True,yearly,Wine festivals,"Vienna wine, Heuriger small plates",True,https://tablejourney.com/austria/vienna/festivals/vienna-wine-hiking-day/
Las Vegas Greek Food Festival,Las Vegas,United States,2027-09-25,2027-09-27,September,True,yearly,,"Roasted lamb, gyros, baklava, loukoumades",False,https://tablejourney.com/united-states/las-vegas/festivals/las-vegas-greek-food-festival/
"Carro Matto, the Chianti Rufina wine cart",Florence,Italy,2027-09-25,2027-09-25,September,True,yearly,Wine festivals; Harvest festivals,Chianti Rufina wine,True,https://tablejourney.com/italy/florence/festivals/carro-matto-bacco-artigiano/
Taste of Fort Collins,Fort Collins,United States,2027-09-25,2027-09-26,September,True,yearly,Street food festivals,Food trucks and Colorado vendors with headline music,False,https://tablejourney.com/united-states/fort-collins/festivals/taste-of-fort-collins/
Atlanta Greek Festival,Atlanta,United States,2027-09-25,2027-09-27,September,False,yearly,Chocolate and dessert festivals,"Greek food, pastry and culture",True,https://tablejourney.com/united-states/atlanta/festivals/atlanta-greek-festival/
Terra i Gust,Barcelona,Spain,2027-09-25,2027-09-27,September,True,yearly,,Catalan local and organic cooking,True,https://tablejourney.com/spain/barcelona/festivals/terra-i-gust/
Beermad (Madrid Craft Beer Festival),Madrid,Spain,2027-09-25,2027-09-27,September,True,yearly,Beer festivals; Street food festivals,"Craft beer, street food",True,https://tablejourney.com/spain/madrid/festivals/beermad/
Athens Coffee Festival,Athens,Greece,2027-09-26,2027-09-28,September,True,yearly,Coffee and tea festivals,"Specialty coffee: 100+ Greek and international roasters, barista competitions",False,https://tablejourney.com/greece/athens/festivals/athens-coffee-festival/
BXLBeerFest,Brussels,Belgium,2027-09-26,2027-09-27,September,True,yearly,Beer festivals,Belgian and international craft beer,False,https://tablejourney.com/belgium/brussels/festivals/bxlbeerfest/
Richmond VegFest,Richmond,United States,2027-09-26,2027-09-26,September,True,yearly,Vegan and vegetarian festivals,Plant-based food,True,https://tablejourney.com/united-states/richmond/festivals/richmond-vegfest/
Cocktail Street,Paris,France,2027-09-26,2027-09-28,September,True,yearly,Street food festivals,Cocktail bars and street food stands,False,https://tablejourney.com/france/paris/festivals/cocktail-street-paris/
Austin Taco and Margarita Festival,Austin,United States,2027-09-26,2027-09-28,September,True,yearly,Street food festivals,"Tacos and margaritas, including taquerias and food trucks",False,https://tablejourney.com/united-states/austin/festivals/austin-taco-and-margarita-festival/
"Ciao, Summer! Session Beer Festival",Fort Collins,United States,2027-09-26,2027-09-26,September,True,yearly,Beer festivals,Session beers at 5.5% ABV or below,False,https://tablejourney.com/united-states/fort-collins/festivals/ciao-summer-session-beer-festival/
Fouace et Muscadet en fête,Nantes,France,2027-09-26,2027-09-27,September,True,yearly,Seafood festivals,"Fouace, Muscadet and oysters",True,https://tablejourney.com/france/nantes/festivals/fouace-et-muscadet-en-fete/
Fugassa Festival,Genoa,Italy,2027-09-26,2027-09-27,September,True,yearly,,Focaccia genovese,True,https://tablejourney.com/italy/genoa/festivals/fugassa-festival/
IngenuityFest,Cleveland,United States,2027-09-26,2027-09-28,September,True,yearly,Street food festivals,Cleveland food trucks and a 30-vendor food village across the Hamilton industrial site,False,https://tablejourney.com/united-states/cleveland/festivals/ingenuityfest/
Les Houblonnades,Lille,France,2027-09-26,2027-09-27,September,False,yearly,Beer festivals; Street food festivals,Beer and local producers,True,https://tablejourney.com/france/lille/festivals/les-houblonnades-douai/
Pigtown Festival,Baltimore,United States,2027-09-26,2027-09-26,September,True,yearly,Beer festivals,Local food and beer,True,https://tablejourney.com/united-states/baltimore/festivals/pigtown-festival/
Tower Bridge Dinner,Sacramento,United States,2027-09-27,2027-09-27,September,True,yearly,,California farm to fork chef gala,False,https://tablejourney.com/united-states/sacramento/festivals/tower-bridge-dinner/
Pin Point Seafood Festival,Savannah,United States,2027-09-27,2027-09-27,September,True,yearly,Seafood festivals,"Gullah Geechee seafood, traditional Lowcountry plates",True,https://tablejourney.com/united-states/savannah/festivals/pin-point-seafood-festival/
Street Bouche Festival,Strasbourg,France,2027-09-27,2027-09-28,September,True,yearly,Street food festivals,Street food,False,https://tablejourney.com/france/strasbourg/festivals/street-bouche-festival/
Italian American Club of Greenville Festival,Greenville,United States,2027-09-27,2027-09-28,September,True,yearly,Coffee and tea festivals,Italian American food and culture,True,https://tablejourney.com/united-states/greenville/festivals/iac-italian-festival-greenville/
Findlay Market Fall Food Fest,Cincinnati,United States,2027-09-27,2027-09-27,September,True,yearly,,Seasonal tasting from Findlay Market vendors,False,https://tablejourney.com/united-states/cincinnati/festivals/findlay-market-fall-food-fest/
Greek Festival,Birmingham,United States,2027-10-01,2027-10-03,October,True,yearly,,Greek,True,https://tablejourney.com/united-states/birmingham-al/festivals/greek-festival-birmingham/
Asian Night Market Festival,Oklahoma City,United States,2027-10-01,2027-10-02,October,True,yearly,Street food festivals,,,https://tablejourney.com/united-states/oklahoma-city/festivals/asian-night-market-festival/
Markthal Anniversary Open Market,Rotterdam,Netherlands,2027-10-01,2027-10-01,October,True,yearly,,,,https://tablejourney.com/netherlands/rotterdam/festivals/markthal-anniversary-market/
PINT Bockbierfestival,Amsterdam,Netherlands,2027-10-01,2027-10-02,October,True,yearly,Beer festivals,"Dutch craft bock beer, 40-plus brewers",False,https://tablejourney.com/netherlands/amsterdam/festivals/pint-bockbierfestival/
Taste of Carmel,Carmel-by-the-Sea,United States,2027-10-01,2027-10-01,October,True,yearly,,"60+ local restaurants, wineries and craft beverage makers",False,https://tablejourney.com/united-states/carmel/festivals/taste-of-carmel/
Asheville Oktoberfest,Asheville,United States,2027-10-02,2027-10-02,October,False,yearly,Beer festivals; Street food festivals,"German-inspired food trucks, local fall beers, ciders and spirits",True,https://tablejourney.com/united-states/asheville/festivals/asheville-oktoberfest/
Portland Night Market,Portland,United States,2027-10-02,2027-10-03,October,True,yearly,Street food festivals,"Food carts, food and drink vendors and makers' stalls",True,https://tablejourney.com/united-states/portland/festivals/portland-night-market/
Southern Smoke Festival,Houston,United States,2027-10-03,2027-10-03,October,True,yearly,,Chef-driven tasting fundraiser,False,https://tablejourney.com/united-states/houston/festivals/southern-smoke-festival/
Highball Halloween,Columbus,United States,2027-10-03,2027-10-03,October,True,yearly,Street food festivals; Halloween and Day of the Dead,Food trucks and vendors at the Hops on High open-streets event,True,https://tablejourney.com/united-states/columbus/festivals/highball-halloween-short-north/
